signal_time,entry_time,exit_time,raw_direction,trade_direction,confirm_n,exit_reason,hold_bars,gross_R,net_R
2022-01-05 12:15:00+00:00,2022-01-05 12:30:00+00:00,2022-01-05 13:30:00+00:00,1,1,5,tp,4,0.9237171104305393,0.6844836079171448
2022-01-07 04:30:00+00:00,2022-01-07 04:45:00+00:00,2022-01-07 05:15:00+00:00,1,1,6,tp,2,0.6535667434012651,0.5530483913533277
2022-01-07 15:45:00+00:00,2022-01-07 16:00:00+00:00,2022-01-07 16:15:00+00:00,1,1,6,tp,1,0.5476313550046753,0.48464515284580434
2022-01-08 13:15:00+00:00,2022-01-08 13:30:00+00:00,2022-01-08 15:00:00+00:00,1,1,4,stop,6,-1.0,-1.1667886982412954
2022-01-13 15:45:00+00:00,2022-01-13 16:00:00+00:00,2022-01-13 17:15:00+00:00,1,1,4,stop,5,-1.0,-1.1627479035201842
2022-01-18 14:30:00+00:00,2022-01-18 14:45:00+00:00,2022-01-18 15:30:00+00:00,1,1,4,tp,3,0.7077130540531031,0.5456701259145686
2022-01-21 22:45:00+00:00,2022-01-21 23:00:00+00:00,2022-01-22 00:00:00+00:00,1,1,4,tp,4,0.8732568065886651,0.8119966769486596
2022-01-25 15:00:00+00:00,2022-01-25 15:15:00+00:00,2022-01-25 16:15:00+00:00,1,1,4,tp,4,0.785081969497645,0.6875033217114267
2022-01-26 19:00:00+00:00,2022-01-26 19:15:00+00:00,2022-01-26 19:45:00+00:00,-1,-1,5,tp,2,0.24650427375745604,0.1992595856140272
2022-01-29 15:45:00+00:00,2022-01-29 16:00:00+00:00,2022-01-29 18:00:00+00:00,1,1,4,time,8,0.16640394415250398,0.006330579800257169
2022-01-30 11:15:00+00:00,2022-01-30 11:30:00+00:00,2022-01-30 12:45:00+00:00,-1,-1,4,tp,5,0.7377054173508873,0.5182013347851566
2022-02-05 09:45:00+00:00,2022-02-05 10:00:00+00:00,2022-02-05 10:45:00+00:00,1,1,5,tp,3,0.10337074524861146,-0.05300394123818157
2022-02-05 14:45:00+00:00,2022-02-05 15:00:00+00:00,2022-02-05 15:15:00+00:00,-1,-1,6,stop,1,-1.0,-1.1738364602884102
2022-02-11 14:45:00+00:00,2022-02-11 15:00:00+00:00,2022-02-11 17:00:00+00:00,-1,-1,5,time,8,-0.2489135718671156,-0.3818889760196321
2022-02-12 11:15:00+00:00,2022-02-12 11:30:00+00:00,2022-02-12 13:30:00+00:00,1,1,5,time,8,-0.12305209813915463,-0.26507732560099173
2022-02-17 04:00:00+00:00,2022-02-17 04:15:00+00:00,2022-02-17 06:15:00+00:00,1,1,5,tp,8,0.8157571407187542,0.5879769609938553
2022-02-17 09:15:00+00:00,2022-02-17 09:30:00+00:00,2022-02-17 11:30:00+00:00,1,1,6,time,8,-0.29258221135650564,-0.4494542715289257
2022-02-18 16:00:00+00:00,2022-02-18 16:15:00+00:00,2022-02-18 16:30:00+00:00,1,1,5,tp,1,0.7256559598359863,0.633007830296525
2022-02-19 12:00:00+00:00,2022-02-19 12:15:00+00:00,2022-02-19 13:00:00+00:00,1,1,4,stop,3,-1.0,-1.217997559261002
2022-02-20 12:15:00+00:00,2022-02-20 12:30:00+00:00,2022-02-20 14:15:00+00:00,-1,-1,6,tp,7,0.6149752170529242,0.45357014003428064
2022-02-21 13:00:00+00:00,2022-02-21 13:15:00+00:00,2022-02-21 14:15:00+00:00,1,1,6,tp,4,0.6429614634393648,0.5428341172549218
2022-02-21 18:45:00+00:00,2022-02-21 19:00:00+00:00,2022-02-21 21:00:00+00:00,-1,-1,6,time,8,-0.5526966990553573,-0.6128774380999591
2022-02-24 03:45:00+00:00,2022-02-24 04:00:00+00:00,2022-02-24 04:15:00+00:00,-1,-1,4,tp,1,0.4314619709340891,0.34161985987928806
2022-02-24 14:30:00+00:00,2022-02-24 14:45:00+00:00,2022-02-24 15:15:00+00:00,-1,-1,5,stop,2,-1.0,-1.0684495469029744
2022-03-04 08:30:00+00:00,2022-03-04 08:45:00+00:00,2022-03-04 09:00:00+00:00,1,1,6,tp,1,0.49358020056388796,0.3995879343319281
2022-03-04 13:30:00+00:00,2022-03-04 13:45:00+00:00,2022-03-04 14:00:00+00:00,-1,-1,4,tp,1,0.45820890437464246,0.329579418425207
2022-03-04 14:15:00+00:00,2022-03-04 14:30:00+00:00,2022-03-04 14:45:00+00:00,1,1,4,stop,1,-1.0,-1.109349643713704
2022-03-04 14:45:00+00:00,2022-03-04 15:00:00+00:00,2022-03-04 15:15:00+00:00,1,1,5,stop,1,-1.0,-1.1041119204371874
2022-03-14 22:45:00+00:00,2022-03-14 23:00:00+00:00,2022-03-15 01:00:00+00:00,-1,-1,6,time,8,0.22204094603193816,0.14599580462370393
2022-03-29 22:30:00+00:00,2022-03-29 22:45:00+00:00,2022-03-29 23:45:00+00:00,1,1,4,tp,4,0.7346619169047404,0.5520048798808592
2022-03-31 16:00:00+00:00,2022-03-31 16:15:00+00:00,2022-03-31 16:30:00+00:00,1,1,4,stop,1,-1.0,-1.131016089535968
2022-03-31 23:45:00+00:00,2022-04-03 00:00:00+00:00,2022-04-03 00:15:00+00:00,1,1,4,tp,1,0.06868605100312011,-0.030489830859285874
2022-04-06 00:15:00+00:00,2022-04-06 00:30:00+00:00,2022-04-06 01:15:00+00:00,1,1,4,tp,3,0.5749409878196157,0.4721262422723663
2022-04-06 18:00:00+00:00,2022-04-06 18:15:00+00:00,2022-04-06 20:15:00+00:00,-1,-1,5,time,8,-0.37369148503321303,-0.4628341817949741
2022-04-17 13:15:00+00:00,2022-04-17 13:30:00+00:00,2022-04-17 13:45:00+00:00,-1,-1,5,stop,1,-1.0,-1.3301872891787698
2022-04-18 13:30:00+00:00,2022-04-18 13:45:00+00:00,2022-04-18 15:15:00+00:00,-1,-1,4,tp,6,0.769561895972767,0.5563326558162929
2022-04-19 11:45:00+00:00,2022-04-19 12:00:00+00:00,2022-04-19 12:30:00+00:00,-1,-1,5,stop,2,-1.0,-1.1400356060462722
2022-04-21 22:30:00+00:00,2022-04-21 22:45:00+00:00,2022-04-22 00:45:00+00:00,1,1,5,time,8,0.10023187641179274,0.02518127823897029
2022-04-24 13:30:00+00:00,2022-04-24 13:45:00+00:00,2022-04-24 14:30:00+00:00,1,1,5,tp,3,0.5062874244869185,0.2842035577981269
2022-04-24 16:45:00+00:00,2022-04-24 17:00:00+00:00,2022-04-24 19:00:00+00:00,1,1,5,tp,8,0.3958887690841168,0.3058972691056924
2022-04-26 07:00:00+00:00,2022-04-26 07:15:00+00:00,2022-04-26 08:15:00+00:00,1,1,5,tp,4,0.36746824970754477,0.1508445729315592
2022-04-26 11:00:00+00:00,2022-04-26 11:15:00+00:00,2022-04-26 12:00:00+00:00,1,1,4,tp,3,0.4097902419799603,0.18330229668674827
2022-04-26 19:30:00+00:00,2022-04-26 19:45:00+00:00,2022-04-26 20:00:00+00:00,1,1,4,stop,1,-1.0,-1.100181961170007
2022-04-27 08:45:00+00:00,2022-04-27 09:00:00+00:00,2022-04-27 11:00:00+00:00,1,1,4,time,8,-0.17814801062164431,-0.33770637871883036
2022-05-02 13:30:00+00:00,2022-05-02 13:45:00+00:00,2022-05-02 15:45:00+00:00,1,1,6,time,8,-0.28431971371490666,-0.3595539980149809
2022-05-03 13:45:00+00:00,2022-05-03 14:00:00+00:00,2022-05-03 16:00:00+00:00,1,1,4,time,8,-0.5616843079416641,-0.7687209896459984
2022-05-04 18:15:00+00:00,2022-05-04 18:30:00+00:00,2022-05-04 18:45:00+00:00,1,1,6,tp,1,0.8865532202938515,0.7285209252693303
2022-05-04 18:30:00+00:00,2022-05-04 18:45:00+00:00,2022-05-04 19:00:00+00:00,1,1,4,tp,1,0.6680693291445859,0.5572903513877412
2022-05-09 17:00:00+00:00,2022-05-09 17:15:00+00:00,2022-05-09 18:15:00+00:00,1,1,4,stop,4,-1.0,-1.068143564458185
2022-05-20 12:45:00+00:00,2022-05-20 13:00:00+00:00,2022-05-20 13:15:00+00:00,1,1,5,tp,1,0.8502808164905361,0.6454592090242002
2022-05-20 13:30:00+00:00,2022-05-20 13:45:00+00:00,2022-05-20 14:15:00+00:00,1,1,5,stop,2,-1.0,-1.1323264355309308
2022-05-26 11:00:00+00:00,2022-05-26 11:15:00+00:00,2022-05-26 12:30:00+00:00,1,1,5,stop,5,-1.0,-1.1830024066427918
2022-05-26 11:15:00+00:00,2022-05-26 11:30:00+00:00,2022-05-26 12:30:00+00:00,1,1,5,stop,4,-1.0,-1.1655576862377903
2022-05-29 13:00:00+00:00,2022-05-29 13:15:00+00:00,2022-05-29 15:00:00+00:00,-1,-1,5,tp,7,0.6974990772934255,0.47545670865118767
2022-05-30 06:15:00+00:00,2022-05-30 06:30:00+00:00,2022-05-30 08:30:00+00:00,-1,-1,5,time,8,-0.2230279266641219,-0.3208432222448324
2022-05-31 14:00:00+00:00,2022-05-31 14:15:00+00:00,2022-05-31 14:30:00+00:00,1,1,4,tp,1,0.8577223390055413,0.6748754774899635
2022-06-02 13:15:00+00:00,2022-06-02 13:30:00+00:00,2022-06-02 13:45:00+00:00,1,1,4,tp,1,0.6622268278443283,0.5111194363245066
2022-06-03 11:30:00+00:00,2022-06-03 11:45:00+00:00,2022-06-03 12:15:00+00:00,-1,-1,4,tp,2,0.2645195696059508,0.09138801764415913
2022-06-05 09:30:00+00:00,2022-06-05 09:45:00+00:00,2022-06-05 11:45:00+00:00,1,1,5,tp,8,0.6646079422844341,0.3496795089800678
2022-06-07 22:45:00+00:00,2022-06-07 23:00:00+00:00,2022-06-08 01:00:00+00:00,1,1,6,time,8,-0.26723320676172485,-0.31057710564681973
2022-06-08 18:30:00+00:00,2022-06-08 18:45:00+00:00,2022-06-08 20:45:00+00:00,1,1,5,time,8,0.032043226728088355,-0.10201376839057316
2022-06-09 12:15:00+00:00,2022-06-09 12:30:00+00:00,2022-06-09 13:30:00+00:00,1,1,5,stop,4,-1.0,-1.1788504953382606
2022-06-10 00:15:00+00:00,2022-06-10 00:30:00+00:00,2022-06-10 01:15:00+00:00,1,1,4,tp,3,0.4947455365633101,0.37477741933095465
2022-06-10 09:15:00+00:00,2022-06-10 09:30:00+00:00,2022-06-10 11:30:00+00:00,1,1,6,time,8,-0.017329182245513747,-0.2523339121155609
2022-06-11 09:00:00+00:00,2022-06-11 09:15:00+00:00,2022-06-11 09:30:00+00:00,1,1,5,tp,1,0.42944197887748486,0.2861004548050726
2022-06-12 14:30:00+00:00,2022-06-12 14:45:00+00:00,2022-06-12 15:00:00+00:00,-1,-1,6,stop,1,-1.0,-1.1710230819547465
2022-06-12 22:00:00+00:00,2022-06-12 22:15:00+00:00,2022-06-12 22:30:00+00:00,1,1,4,stop,1,-1.0,-1.1353283405545664
2022-06-18 08:15:00+00:00,2022-06-18 08:30:00+00:00,2022-06-18 10:15:00+00:00,1,1,5,tp,7,0.6266081753306926,0.5703836654739324
2022-06-25 00:30:00+00:00,2022-06-25 00:45:00+00:00,2022-06-25 02:45:00+00:00,1,1,4,time,8,-0.5089770912653508,-0.6832561186538691
2022-06-27 18:00:00+00:00,2022-06-27 18:15:00+00:00,2022-06-27 18:30:00+00:00,1,1,6,tp,1,0.4301374661852706,0.3163236415774552
2022-07-01 00:30:00+00:00,2022-07-01 00:45:00+00:00,2022-07-01 02:45:00+00:00,-1,-1,4,time,8,0.1966991275027862,0.1471025101990167
2022-07-03 04:45:00+00:00,2022-07-03 05:00:00+00:00,2022-07-03 07:00:00+00:00,1,1,6,time,8,-0.26390636478756796,-0.3211698778846257
2022-07-03 05:00:00+00:00,2022-07-03 05:15:00+00:00,2022-07-03 05:30:00+00:00,-1,-1,4,tp,1,0.5303530777287098,0.4121066073550865
2022-07-03 08:45:00+00:00,2022-07-03 09:00:00+00:00,2022-07-03 10:30:00+00:00,1,1,4,tp,6,1.0453459904637568,0.7844705941288102
2022-07-11 13:30:00+00:00,2022-07-11 13:45:00+00:00,2022-07-11 14:00:00+00:00,-1,-1,4,tp,1,0.3877685433707536,0.28540149709391477
2022-07-23 00:00:00+00:00,2022-07-23 00:15:00+00:00,2022-07-23 00:30:00+00:00,1,1,4,tp,1,0.3350669730719025,0.16706185598900028
2022-07-24 17:30:00+00:00,2022-07-24 17:45:00+00:00,2022-07-24 19:45:00+00:00,1,1,4,time,8,-0.5699139495424292,-0.7771879488752594
2022-07-25 13:30:00+00:00,2022-07-25 13:45:00+00:00,2022-07-25 14:15:00+00:00,1,1,6,stop,2,-1.0,-1.1723310085655905
2022-07-26 03:00:00+00:00,2022-07-26 03:15:00+00:00,2022-07-26 03:30:00+00:00,1,1,4,tp,1,0.41318873616290497,0.28340469893367937
2022-07-26 11:45:00+00:00,2022-07-26 12:00:00+00:00,2022-07-26 12:15:00+00:00,1,1,6,tp,1,0.4011867700183485,0.22910528558294446
2022-07-28 12:15:00+00:00,2022-07-28 12:30:00+00:00,2022-07-28 12:45:00+00:00,1,1,6,tp,1,0.6444340773509911,0.4684783643659489
2022-07-28 12:45:00+00:00,2022-07-28 13:00:00+00:00,2022-07-28 13:30:00+00:00,-1,-1,5,stop,2,-1.0,-1.1541828458388157
2022-07-28 20:30:00+00:00,2022-07-28 20:45:00+00:00,2022-07-28 22:45:00+00:00,-1,-1,4,time,8,-0.13777474928616815,-0.24429429440933376
2022-07-30 01:45:00+00:00,2022-07-30 02:00:00+00:00,2022-07-30 04:00:00+00:00,1,1,6,time,8,-0.35454831281158,-0.4786874706795807
2022-08-17 18:00:00+00:00,2022-08-17 18:15:00+00:00,2022-08-17 18:30:00+00:00,1,1,5,tp,1,0.13522839185847957,-0.03280610168737613
2022-08-18 12:15:00+00:00,2022-08-18 12:30:00+00:00,2022-08-18 13:30:00+00:00,-1,-1,4,tp,4,0.40571306605981455,0.10848550524222467
2022-08-19 19:00:00+00:00,2022-08-19 19:15:00+00:00,2022-08-19 21:15:00+00:00,1,1,5,time,8,-0.34796751942233,-0.4883457046509926
2022-08-21 20:45:00+00:00,2022-08-21 21:00:00+00:00,2022-08-21 22:00:00+00:00,-1,-1,6,tp,4,0.14893464599768835,0.06685039529065269
2022-08-23 13:30:00+00:00,2022-08-23 13:45:00+00:00,2022-08-23 14:00:00+00:00,-1,-1,6,stop,1,-1.0,-1.1164839168221024
2022-08-26 14:00:00+00:00,2022-08-26 14:15:00+00:00,2022-08-26 14:30:00+00:00,1,1,6,stop,1,-1.0,-1.0876783340900409
2022-09-02 12:45:00+00:00,2022-09-02 13:00:00+00:00,2022-09-02 13:15:00+00:00,1,1,4,tp,1,0.7259267371712026,0.5043957528453051
2022-09-10 21:45:00+00:00,2022-09-10 22:00:00+00:00,2022-09-11 00:00:00+00:00,-1,-1,4,time,8,-0.11473479792318214,-0.2351728714264655
2022-09-11 20:15:00+00:00,2022-09-11 20:30:00+00:00,2022-09-11 20:45:00+00:00,1,1,4,stop,1,-1.0,-1.3050318679016102
2022-09-12 01:45:00+00:00,2022-09-12 02:00:00+00:00,2022-09-12 02:15:00+00:00,-1,-1,4,tp,1,0.5190782787136325,0.4383175766168704
2022-09-14 00:15:00+00:00,2022-09-14 00:30:00+00:00,2022-09-14 01:00:00+00:00,1,1,6,tp,2,0.3637948739598447,0.21054484655848868
2022-09-14 07:45:00+00:00,2022-09-14 08:00:00+00:00,2022-09-14 08:30:00+00:00,1,1,6,tp,2,0.8067886298726868,0.5828422634429489
2022-09-14 11:45:00+00:00,2022-09-14 12:00:00+00:00,2022-09-14 12:30:00+00:00,1,1,4,tp,2,0.518930007091385,0.3656169342345399
2022-09-15 06:45:00+00:00,2022-09-15 07:00:00+00:00,2022-09-15 09:00:00+00:00,-1,-1,4,time,8,-0.1489923687614977,-0.2690848286353716
2022-09-15 15:15:00+00:00,2022-09-15 15:30:00+00:00,2022-09-15 17:00:00+00:00,1,1,5,tp,6,0.5684616123101958,0.4808009573598926
2022-09-25 22:00:00+00:00,2022-09-25 22:15:00+00:00,2022-09-25 22:30:00+00:00,1,1,4,tp,1,0.5991866636259998,0.4516471414920996
2022-09-30 00:30:00+00:00,2022-09-30 00:45:00+00:00,2022-09-30 02:15:00+00:00,-1,-1,5,tp,6,0.2010814242910804,0.09469318623728207
2022-09-30 12:30:00+00:00,2022-09-30 12:45:00+00:00,2022-09-30 13:45:00+00:00,1,1,4,tp,4,0.4525666405457097,0.3547091994594734
2022-10-02 22:00:00+00:00,2022-10-02 22:15:00+00:00,2022-10-02 23:00:00+00:00,1,1,4,stop,3,-1.0,-1.298475586395465
2022-10-03 00:00:00+00:00,2022-10-03 00:15:00+00:00,2022-10-03 01:00:00+00:00,1,1,5,tp,3,0.798780252470104,0.602491693581306
2022-10-07 12:15:00+00:00,2022-10-07 12:30:00+00:00,2022-10-07 12:45:00+00:00,1,1,4,stop,1,-1.0,-1.0982413041751666
2022-10-10 08:30:00+00:00,2022-10-10 08:45:00+00:00,2022-10-10 09:45:00+00:00,1,1,4,tp,4,0.6263490308484043,0.3990967570081718
2022-10-11 14:00:00+00:00,2022-10-11 14:15:00+00:00,2022-10-11 15:30:00+00:00,1,1,4,tp,5,0.48370875225221527,0.34827706271665526
2022-10-12 12:30:00+00:00,2022-10-12 12:45:00+00:00,2022-10-12 14:45:00+00:00,1,1,5,time,8,-0.17111028704203418,-0.3015964569730794
2022-10-15 21:00:00+00:00,2022-10-15 21:15:00+00:00,2022-10-15 23:00:00+00:00,1,1,4,stop,7,-1.0,-1.49753921794894
2022-10-15 23:00:00+00:00,2022-10-15 23:15:00+00:00,2022-10-15 23:30:00+00:00,1,1,6,tp,1,0.49547127501867755,0.17645250662132977
2022-10-19 23:45:00+00:00,2022-10-20 00:00:00+00:00,2022-10-20 00:45:00+00:00,1,1,5,stop,3,-1.0,-1.4912632112284874
2022-10-23 12:15:00+00:00,2022-10-23 12:30:00+00:00,2022-10-23 12:45:00+00:00,1,1,5,tp,1,0.36238732742330504,-0.026366880223612832
2022-10-26 14:15:00+00:00,2022-10-26 14:30:00+00:00,2022-10-26 14:45:00+00:00,-1,-1,5,stop,1,-1.0,-1.1677702076450525
2022-11-01 13:45:00+00:00,2022-11-01 14:00:00+00:00,2022-11-01 16:00:00+00:00,1,1,4,tp,8,0.89584451856704,0.5392987015623232
2022-11-09 21:30:00+00:00,2022-11-09 21:45:00+00:00,2022-11-09 22:00:00+00:00,-1,-1,5,tp,1,0.17253437574621464,0.12799120622900312
2022-11-13 07:00:00+00:00,2022-11-13 07:15:00+00:00,2022-11-13 09:00:00+00:00,1,1,5,stop,7,-1.0,-1.1149313678475834
2022-11-15 13:30:00+00:00,2022-11-15 13:45:00+00:00,2022-11-15 14:15:00+00:00,-1,-1,5,tp,2,0.731626458595653,0.5808748970225088
2022-11-17 13:15:00+00:00,2022-11-17 13:30:00+00:00,2022-11-17 15:15:00+00:00,1,1,5,tp,7,0.6601676966916324,0.42340826374417584
2022-11-21 16:30:00+00:00,2022-11-21 16:45:00+00:00,2022-11-21 18:45:00+00:00,1,1,6,time,8,-0.38433901175148766,-0.5539797450120199
2022-11-26 14:30:00+00:00,2022-11-26 14:45:00+00:00,2022-11-26 15:00:00+00:00,-1,-1,4,tp,1,0.5462098936730148,0.20470894826065456
2022-11-26 22:45:00+00:00,2022-11-26 23:00:00+00:00,2022-11-26 23:15:00+00:00,1,1,4,tp,1,0.7378865128267735,0.32870952429305866
2022-12-01 13:30:00+00:00,2022-12-01 13:45:00+00:00,2022-12-01 14:00:00+00:00,-1,-1,5,tp,1,0.25988108504779284,0.1566653423301519
2022-12-01 13:45:00+00:00,2022-12-01 14:00:00+00:00,2022-12-01 15:15:00+00:00,1,1,4,stop,5,-1.0,-1.1796905512865612
2022-12-02 01:45:00+00:00,2022-12-02 02:00:00+00:00,2022-12-02 04:00:00+00:00,1,1,4,time,8,-0.5716365965319646,-0.9435719480654726
2022-12-04 23:30:00+00:00,2022-12-04 23:45:00+00:00,2022-12-05 00:30:00+00:00,-1,-1,4,stop,3,-1.0,-1.1991309108765513
2022-12-09 10:00:00+00:00,2022-12-09 10:15:00+00:00,2022-12-09 12:15:00+00:00,-1,-1,4,time,8,-0.33871845914214266,-0.879501546095756
2022-12-09 12:30:00+00:00,2022-12-09 12:45:00+00:00,2022-12-09 13:15:00+00:00,-1,-1,4,tp,2,0.13383883339531064,-0.01975818084470507
2022-12-13 07:15:00+00:00,2022-12-13 07:30:00+00:00,2022-12-13 07:45:00+00:00,1,1,4,tp,1,0.5849076053343195,0.18951829885691884
2022-12-15 18:45:00+00:00,2022-12-15 19:00:00+00:00,2022-12-15 19:30:00+00:00,1,1,4,tp,2,0.3033152051211822,0.04771494522639458
2022-12-16 16:00:00+00:00,2022-12-16 16:15:00+00:00,2022-12-16 16:45:00+00:00,1,1,5,stop,2,-1.0,-1.1510603425018582
2022-12-18 18:45:00+00:00,2022-12-18 19:00:00+00:00,2022-12-18 21:00:00+00:00,1,1,5,tp,8,0.9993002080288094,0.2935000420027898
2022-12-18 22:30:00+00:00,2022-12-18 22:45:00+00:00,2022-12-18 23:00:00+00:00,-1,-1,4,tp,1,0.4268622285086758,0.17064875107753652
2022-12-19 14:45:00+00:00,2022-12-19 15:00:00+00:00,2022-12-19 16:00:00+00:00,1,1,5,stop,4,-1.0,-1.31906405568451
2022-12-20 14:30:00+00:00,2022-12-20 14:45:00+00:00,2022-12-20 15:00:00+00:00,-1,-1,4,stop,1,-1.0,-1.5092174979744177
2022-12-20 15:30:00+00:00,2022-12-20 15:45:00+00:00,2022-12-20 16:00:00+00:00,-1,-1,5,tp,1,0.7499045249140511,0.5307293906090631
2022-12-23 13:30:00+00:00,2022-12-23 13:45:00+00:00,2022-12-23 15:45:00+00:00,1,1,4,time,8,-0.2805105146959189,-0.3988992761470448
2022-12-25 14:30:00+00:00,2022-12-25 14:45:00+00:00,2022-12-25 15:00:00+00:00,1,1,6,tp,1,0.19126385559172843,-0.05918428637251383
2023-01-10 14:45:00+00:00,2023-01-10 15:00:00+00:00,2023-01-10 15:15:00+00:00,1,1,5,tp,1,0.5283021285003862,0.2103483512777436
2023-01-11 03:15:00+00:00,2023-01-11 03:30:00+00:00,2023-01-11 05:30:00+00:00,1,1,5,time,8,0.47137789057452506,-0.03011919463081769
2023-01-13 10:30:00+00:00,2023-01-13 10:45:00+00:00,2023-01-13 11:00:00+00:00,1,1,6,tp,1,0.6489028094099833,0.3723605238018081
2023-01-17 14:15:00+00:00,2023-01-17 14:30:00+00:00,2023-01-17 14:45:00+00:00,-1,-1,4,tp,1,0.26085839613624506,0.18284382131972382
2023-01-19 13:30:00+00:00,2023-01-19 13:45:00+00:00,2023-01-19 14:00:00+00:00,1,1,4,tp,1,0.18800301096683125,-0.17648745053909087
2023-01-21 10:30:00+00:00,2023-01-21 10:45:00+00:00,2023-01-21 12:00:00+00:00,1,1,4,tp,5,0.8641191884758467,0.7383982169488351
2023-01-24 14:30:00+00:00,2023-01-24 14:45:00+00:00,2023-01-24 16:45:00+00:00,1,1,4,time,8,0.18717600656959502,0.006381401205258347
2023-01-25 22:00:00+00:00,2023-01-25 22:15:00+00:00,2023-01-25 22:45:00+00:00,-1,-1,4,tp,2,0.5637915007827964,0.48584538336965644
2023-01-26 13:30:00+00:00,2023-01-26 13:45:00+00:00,2023-01-26 14:00:00+00:00,1,1,6,tp,1,0.5301038727893919,0.3704490593375258
2023-01-27 20:00:00+00:00,2023-01-27 20:15:00+00:00,2023-01-27 20:45:00+00:00,-1,-1,5,tp,2,0.46559460905107275,0.3371433714054435
2023-02-01 09:00:00+00:00,2023-02-01 09:15:00+00:00,2023-02-01 11:15:00+00:00,1,1,4,tp,8,0.7915617349666595,0.417224047355992
2023-02-04 16:15:00+00:00,2023-02-04 16:30:00+00:00,2023-02-04 18:30:00+00:00,1,1,5,time,8,0.10985468252281637,-0.29048629577991614
2023-02-05 17:15:00+00:00,2023-02-05 17:30:00+00:00,2023-02-05 17:45:00+00:00,1,1,5,stop,1,-1.0,-1.1498854952198139
2023-02-06 05:30:00+00:00,2023-02-06 05:45:00+00:00,2023-02-06 07:15:00+00:00,1,1,6,tp,6,0.7825713967650069,0.5027363397621143
2023-02-06 14:30:00+00:00,2023-02-06 14:45:00+00:00,2023-02-06 15:15:00+00:00,-1,-1,4,tp,2,0.30339502490283726,-0.016338873459885273
2023-02-09 12:45:00+00:00,2023-02-09 13:00:00+00:00,2023-02-09 14:30:00+00:00,-1,-1,5,stop,6,-1.0,-1.3262412807605777
2023-02-10 11:00:00+00:00,2023-02-10 11:15:00+00:00,2023-02-10 11:30:00+00:00,1,1,4,stop,1,-1.0,-1.4740475052134696
2023-02-10 15:45:00+00:00,2023-02-10 16:00:00+00:00,2023-02-10 18:00:00+00:00,1,1,6,time,8,0.20230269387268468,0.03523230953663578
2023-02-18 07:45:00+00:00,2023-02-18 08:00:00+00:00,2023-02-18 10:00:00+00:00,1,1,4,time,8,0.04317068834896729,-0.2790307409653321
2023-02-21 08:15:00+00:00,2023-02-21 08:30:00+00:00,2023-02-21 08:45:00+00:00,-1,-1,5,tp,1,0.37859629379269544,0.2655029049189016
2023-02-24 19:30:00+00:00,2023-02-24 19:45:00+00:00,2023-02-24 20:00:00+00:00,1,1,5,tp,1,0.7838075197205159,0.6254044352702703
2023-02-26 14:45:00+00:00,2023-02-26 15:00:00+00:00,2023-02-26 17:00:00+00:00,-1,-1,4,time,8,0.09956924157964243,-0.19421487468066395
2023-02-27 16:30:00+00:00,2023-02-27 16:45:00+00:00,2023-02-27 18:45:00+00:00,1,1,5,time,8,-0.40325097908466234,-0.5225227833081709
2023-02-28 20:00:00+00:00,2023-02-28 20:15:00+00:00,2023-02-28 21:00:00+00:00,1,1,4,stop,3,-1.0,-1.2103652986725466
2023-03-01 14:30:00+00:00,2023-03-01 14:45:00+00:00,2023-03-01 16:45:00+00:00,1,1,4,time,8,-0.14897916081587567,-0.34601045189934776
2023-03-03 15:00:00+00:00,2023-03-03 15:15:00+00:00,2023-03-03 17:15:00+00:00,1,1,4,time,8,0.04220548656164477,-0.11722162007622389
2023-03-03 21:15:00+00:00,2023-03-03 21:30:00+00:00,2023-03-03 23:30:00+00:00,1,1,4,tp,8,0.5288270074417913,0.33539896392134116
2023-03-04 05:30:00+00:00,2023-03-04 05:45:00+00:00,2023-03-04 06:00:00+00:00,1,1,6,tp,1,0.799856588248723,0.1585394190947773
2023-03-04 18:00:00+00:00,2023-03-04 18:15:00+00:00,2023-03-04 19:45:00+00:00,1,1,4,stop,6,-1.0,-1.3869455150119192
2023-03-07 14:30:00+00:00,2023-03-07 14:45:00+00:00,2023-03-07 15:00:00+00:00,1,1,5,stop,1,-1.0,-1.2479284045098542
2023-03-15 12:30:00+00:00,2023-03-15 12:45:00+00:00,2023-03-15 14:45:00+00:00,-1,-1,6,time,8,-0.14390916329740758,-0.201028680887988
2023-03-17 21:45:00+00:00,2023-03-17 22:00:00+00:00,2023-03-17 22:15:00+00:00,1,1,6,tp,1,0.4556908824017506,0.34085889952898574
2023-03-18 16:30:00+00:00,2023-03-18 16:45:00+00:00,2023-03-18 18:45:00+00:00,1,1,5,time,8,0.04950233010672155,-0.0005100573420635593
2023-03-19 11:00:00+00:00,2023-03-19 11:15:00+00:00,2023-03-19 11:45:00+00:00,1,1,4,tp,2,0.5276010019894465,0.24110881336626366
2023-03-19 15:00:00+00:00,2023-03-19 15:15:00+00:00,2023-03-19 15:45:00+00:00,-1,-1,5,stop,2,-1.0,-1.165873105613097
2023-03-23 15:15:00+00:00,2023-03-23 15:30:00+00:00,2023-03-23 17:15:00+00:00,-1,-1,5,tp,7,0.7378202361161239,0.6207223568799687
2023-04-03 01:45:00+00:00,2023-04-03 02:00:00+00:00,2023-04-03 04:00:00+00:00,1,1,4,time,8,-0.025126813492242734,-0.25710341857573565
2023-04-05 15:00:00+00:00,2023-04-05 15:15:00+00:00,2023-04-05 16:15:00+00:00,1,1,6,stop,4,-1.0,-1.1815508531605459
2023-04-06 10:30:00+00:00,2023-04-06 10:45:00+00:00,2023-04-06 11:30:00+00:00,1,1,5,tp,3,0.6826045945598523,0.42345065851015834
2023-04-07 05:30:00+00:00,2023-04-07 05:45:00+00:00,2023-04-07 07:30:00+00:00,1,1,5,stop,7,-1.0,-1.3762756152179976
2023-04-07 12:30:00+00:00,2023-04-07 12:45:00+00:00,2023-04-07 14:45:00+00:00,1,1,4,time,8,-0.09811566481168145,-0.3537453021658314
2023-04-16 20:00:00+00:00,2023-04-16 20:15:00+00:00,2023-04-16 22:00:00+00:00,1,1,4,tp,7,0.7035471611954537,0.40144113908978585
2023-04-20 03:00:00+00:00,2023-04-20 03:15:00+00:00,2023-04-20 05:15:00+00:00,1,1,5,time,8,0.24287614683104744,0.10520793468318551
2023-04-20 16:00:00+00:00,2023-04-20 16:15:00+00:00,2023-04-20 18:15:00+00:00,1,1,4,time,8,-0.548857317698455,-0.6605333133345452
2023-04-24 07:15:00+00:00,2023-04-24 07:30:00+00:00,2023-04-24 08:30:00+00:00,1,1,4,stop,4,-1.0,-1.259711287380104
2023-04-25 08:15:00+00:00,2023-04-25 08:30:00+00:00,2023-04-25 08:45:00+00:00,1,1,6,tp,1,0.6338188214054856,0.3704390670735759
2023-04-26 06:00:00+00:00,2023-04-26 06:15:00+00:00,2023-04-26 07:15:00+00:00,-1,-1,4,tp,4,0.5319539811454868,0.31253226906895937
2023-04-26 20:00:00+00:00,2023-04-26 20:15:00+00:00,2023-04-26 20:30:00+00:00,1,1,6,tp,1,0.627845705340957,0.5597424061876755
2023-04-29 17:30:00+00:00,2023-04-29 17:45:00+00:00,2023-04-29 19:15:00+00:00,1,1,5,tp,6,0.46870686602691886,0.20135623335162334
2023-05-01 14:00:00+00:00,2023-05-01 14:15:00+00:00,2023-05-01 15:15:00+00:00,1,1,5,stop,4,-1.0,-1.2020931873173542
2023-05-01 19:15:00+00:00,2023-05-01 19:30:00+00:00,2023-05-01 20:15:00+00:00,1,1,5,stop,3,-1.0,-1.15749312827887
2023-05-03 18:30:00+00:00,2023-05-03 18:45:00+00:00,2023-05-03 20:45:00+00:00,1,1,5,time,8,0.18183176767783304,0.03609130097432087
2023-05-05 02:00:00+00:00,2023-05-05 02:15:00+00:00,2023-05-05 04:15:00+00:00,-1,-1,6,time,8,0.105507824451285,-0.027086771329350348
2023-05-06 15:00:00+00:00,2023-05-06 15:15:00+00:00,2023-05-06 16:45:00+00:00,1,1,5,tp,6,0.701315954580826,0.525663730846251
2023-05-10 01:15:00+00:00,2023-05-10 01:30:00+00:00,2023-05-10 03:30:00+00:00,-1,-1,4,tp,8,0.769983970467,0.46324611734064614
2023-05-10 13:00:00+00:00,2023-05-10 13:15:00+00:00,2023-05-10 15:15:00+00:00,-1,-1,4,time,8,0.16539420142879738,-0.042012128748782074
2023-05-11 14:00:00+00:00,2023-05-11 14:15:00+00:00,2023-05-11 14:45:00+00:00,1,1,5,stop,2,-1.0,-1.1206115139162773
2023-05-11 14:45:00+00:00,2023-05-11 15:00:00+00:00,2023-05-11 17:00:00+00:00,1,1,5,time,8,-0.2705942454996455,-0.44706483986435097
2023-05-18 14:45:00+00:00,2023-05-18 15:00:00+00:00,2023-05-18 16:30:00+00:00,1,1,4,stop,6,-1.0,-1.1532978015565893
2023-05-19 15:00:00+00:00,2023-05-19 15:15:00+00:00,2023-05-19 15:30:00+00:00,1,1,5,stop,1,-1.0,-1.183156845216058
2023-05-19 15:15:00+00:00,2023-05-19 15:30:00+00:00,2023-05-19 17:30:00+00:00,-1,-1,5,time,8,-0.13822989965328625,-0.25250817294018735
2023-05-19 15:30:00+00:00,2023-05-19 15:45:00+00:00,2023-05-19 17:45:00+00:00,1,1,6,time,8,-0.10714712730008026,-0.21406488037949795
2023-05-24 14:00:00+00:00,2023-05-24 14:15:00+00:00,2023-05-24 15:00:00+00:00,1,1,4,stop,3,-1.0,-1.1731043797146659
2023-05-28 11:15:00+00:00,2023-05-28 11:30:00+00:00,2023-05-28 12:30:00+00:00,-1,-1,4,tp,4,0.30787647358214315,0.12122396922048626
2023-05-29 10:45:00+00:00,2023-05-29 11:00:00+00:00,2023-05-29 12:00:00+00:00,1,1,5,tp,4,0.6581004745780883,0.37294133255108847
2023-06-01 03:00:00+00:00,2023-06-01 03:15:00+00:00,2023-06-01 05:15:00+00:00,1,1,4,time,8,0.44053642080067273,0.21998115498390344
2023-06-01 19:30:00+00:00,2023-06-01 19:45:00+00:00,2023-06-01 21:00:00+00:00,1,1,6,tp,5,0.6569851771449283,0.4546467317305048
2023-06-01 23:30:00+00:00,2023-06-01 23:45:00+00:00,2023-06-02 00:15:00+00:00,1,1,5,stop,2,-1.0,-1.2789893573434554
2023-06-02 00:30:00+00:00,2023-06-02 00:45:00+00:00,2023-06-02 01:15:00+00:00,1,1,5,tp,2,0.43659853170007085,0.2909738022841167
2023-06-02 12:30:00+00:00,2023-06-02 12:45:00+00:00,2023-06-02 13:45:00+00:00,1,1,4,stop,4,-1.0,-1.2146495487490165
2023-06-05 13:00:00+00:00,2023-06-05 13:15:00+00:00,2023-06-05 14:00:00+00:00,1,1,4,tp,3,0.6372762515287893,0.27665868552338263
2023-06-05 15:30:00+00:00,2023-06-05 15:45:00+00:00,2023-06-05 16:00:00+00:00,1,1,4,stop,1,-1.0,-1.2596383467605672
2023-06-05 16:00:00+00:00,2023-06-05 16:15:00+00:00,2023-06-05 18:15:00+00:00,1,1,4,time,8,-0.4792216392326396,-0.5459818547711776
2023-06-06 12:15:00+00:00,2023-06-06 12:30:00+00:00,2023-06-06 13:15:00+00:00,-1,-1,5,tp,3,0.5105167529624522,0.3404162850326644
2023-06-07 10:00:00+00:00,2023-06-07 10:15:00+00:00,2023-06-07 11:00:00+00:00,1,1,5,tp,3,0.694194576904648,0.5042554450791464
2023-06-11 14:15:00+00:00,2023-06-11 14:30:00+00:00,2023-06-11 16:15:00+00:00,-1,-1,5,stop,7,-1.0,-1.4369272377224438
2023-06-12 14:45:00+00:00,2023-06-12 15:00:00+00:00,2023-06-12 17:00:00+00:00,1,1,4,time,8,-0.2994179179135375,-0.595337391061578
2023-06-12 17:45:00+00:00,2023-06-12 18:00:00+00:00,2023-06-12 20:00:00+00:00,-1,-1,4,time,8,-0.09646336277516758,-0.29441254100237435
2023-06-13 08:45:00+00:00,2023-06-13 09:00:00+00:00,2023-06-13 11:00:00+00:00,-1,-1,6,time,8,-0.035608359085609005,-0.3191962724035872
2023-06-16 14:45:00+00:00,2023-06-16 15:00:00+00:00,2023-06-16 15:45:00+00:00,1,1,5,tp,3,0.23885140136040406,0.16379522291487775
2023-06-17 15:15:00+00:00,2023-06-17 15:30:00+00:00,2023-06-17 17:30:00+00:00,1,1,4,time,8,-0.28117748113723,-0.4488628706324394
2023-06-18 06:00:00+00:00,2023-06-18 06:15:00+00:00,2023-06-18 07:15:00+00:00,1,1,6,tp,4,0.5580490448006785,0.24641129210299828
2023-06-18 23:00:00+00:00,2023-06-18 23:15:00+00:00,2023-06-19 01:15:00+00:00,1,1,4,time,8,-0.05907953300583469,-0.25760631385999755
2023-06-19 00:45:00+00:00,2023-06-19 01:00:00+00:00,2023-06-19 02:00:00+00:00,1,1,4,tp,4,0.7159936449333276,0.4302315911706097
2023-06-19 14:15:00+00:00,2023-06-19 14:30:00+00:00,2023-06-19 15:00:00+00:00,1,1,4,stop,2,-1.0,-1.4714136113295453
2023-06-19 16:30:00+00:00,2023-06-19 16:45:00+00:00,2023-06-19 17:00:00+00:00,1,1,4,tp,1,0.45350557815960246,0.23874669267592655
2023-06-24 16:00:00+00:00,2023-06-24 16:15:00+00:00,2023-06-24 17:00:00+00:00,1,1,6,tp,3,0.5508879855889653,0.37350443205477496
2023-06-30 13:45:00+00:00,2023-06-30 14:00:00+00:00,2023-06-30 16:00:00+00:00,1,1,6,time,8,-0.1683258296609208,-0.23186670556454653
2023-07-02 15:15:00+00:00,2023-07-02 15:30:00+00:00,2023-07-02 16:00:00+00:00,1,1,5,tp,2,0.26634374485184026,0.13766462037106694
2023-07-05 08:15:00+00:00,2023-07-05 08:30:00+00:00,2023-07-05 08:45:00+00:00,1,1,5,tp,1,0.5226591141900151,0.10220534351576827
2023-07-06 23:15:00+00:00,2023-07-06 23:30:00+00:00,2023-07-07 00:00:00+00:00,1,1,4,stop,2,-1.0,-1.1758623807305906
2023-07-08 11:15:00+00:00,2023-07-08 11:30:00+00:00,2023-07-08 12:00:00+00:00,1,1,4,stop,2,-1.0,-1.9849902960262296
2023-07-09 20:30:00+00:00,2023-07-09 20:45:00+00:00,2023-07-09 22:00:00+00:00,1,1,6,stop,5,-1.0,-1.4200166507579541
2023-07-10 00:15:00+00:00,2023-07-10 00:30:00+00:00,2023-07-10 02:30:00+00:00,1,1,4,time,8,0.22052982674768884,-0.06953498400953034
2023-07-10 08:15:00+00:00,2023-07-10 08:30:00+00:00,2023-07-10 09:15:00+00:00,1,1,6,tp,3,0.2943363357878875,-0.026855826799587812
2023-07-16 18:30:00+00:00,2023-07-16 18:45:00+00:00,2023-07-16 19:30:00+00:00,1,1,4,stop,3,-1.0,-1.3855617274264969
2023-07-16 23:30:00+00:00,2023-07-16 23:45:00+00:00,2023-07-17 01:30:00+00:00,1,1,5,tp,7,0.504298411381005,0.19118438912535524
2023-07-18 16:45:00+00:00,2023-07-18 17:00:00+00:00,2023-07-18 18:00:00+00:00,1,1,4,tp,4,0.4796486464874202,0.34598140964109825
2023-07-24 04:00:00+00:00,2023-07-24 04:15:00+00:00,2023-07-24 06:15:00+00:00,1,1,6,time,8,0.4244160757692746,0.03696868782094059
2023-07-26 01:30:00+00:00,2023-07-26 01:45:00+00:00,2023-07-26 02:45:00+00:00,1,1,6,tp,4,0.9344647210044629,0.18191503699134204
2023-07-30 20:00:00+00:00,2023-07-30 20:15:00+00:00,2023-07-30 20:45:00+00:00,1,1,4,tp,2,0.4995585583271561,0.20003676171136225
2023-08-01 15:30:00+00:00,2023-08-01 15:45:00+00:00,2023-08-01 16:00:00+00:00,1,1,5,tp,1,0.03252110533926593,-0.07992053298378943
2023-08-02 13:30:00+00:00,2023-08-02 13:45:00+00:00,2023-08-02 14:00:00+00:00,1,1,4,stop,1,-1.0,-1.3719650269853727
2023-08-04 18:45:00+00:00,2023-08-04 19:00:00+00:00,2023-08-04 20:45:00+00:00,1,1,6,stop,7,-1.0,-1.2908933641803155
2023-08-04 20:45:00+00:00,2023-08-04 21:00:00+00:00,2023-08-04 21:15:00+00:00,1,1,6,tp,1,0.4861169942334972,0.26821116216828095
2023-08-07 00:30:00+00:00,2023-08-07 00:45:00+00:00,2023-08-07 01:00:00+00:00,1,1,4,tp,1,0.803762777289656,0.09364502117361295
2023-08-08 21:15:00+00:00,2023-08-08 21:30:00+00:00,2023-08-08 21:45:00+00:00,-1,-1,5,tp,1,0.30482872853531773,0.18331697844939135
2023-08-10 12:30:00+00:00,2023-08-10 12:45:00+00:00,2023-08-10 13:30:00+00:00,-1,-1,6,stop,3,-1.0,-1.3963303381586798
2023-08-13 05:15:00+00:00,2023-08-13 05:30:00+00:00,2023-08-13 06:45:00+00:00,1,1,5,tp,5,0.5679354040058257,-0.8270914503343768
2023-08-13 22:15:00+00:00,2023-08-13 22:30:00+00:00,2023-08-14 00:00:00+00:00,1,1,4,stop,6,-1.0,-1.5754098734989794
2023-08-15 11:30:00+00:00,2023-08-15 11:45:00+00:00,2023-08-15 13:45:00+00:00,1,1,4,time,8,-0.4974582547019063,-1.368238396174314
2023-08-16 13:30:00+00:00,2023-08-16 13:45:00+00:00,2023-08-16 14:00:00+00:00,1,1,5,stop,1,-1.0,-1.7677002139202245
2023-08-17 15:00:00+00:00,2023-08-17 15:15:00+00:00,2023-08-17 15:30:00+00:00,1,1,6,stop,1,-1.0,-1.1635669477429191
2023-08-17 20:45:00+00:00,2023-08-17 21:00:00+00:00,2023-08-17 21:30:00+00:00,1,1,5,stop,2,-1.0,-1.2216410531579254
2023-08-21 05:30:00+00:00,2023-08-21 05:45:00+00:00,2023-08-21 06:45:00+00:00,-1,-1,5,tp,4,0.7311814499915064,0.2750107656703932
2023-08-22 13:30:00+00:00,2023-08-22 13:45:00+00:00,2023-08-22 14:00:00+00:00,1,1,5,stop,1,-1.0,-1.3752042294195443
2023-08-23 06:45:00+00:00,2023-08-23 07:00:00+00:00,2023-08-23 09:00:00+00:00,-1,-1,5,time,8,0.17263594379907973,-0.10350160857917076
2023-08-23 19:45:00+00:00,2023-08-23 20:00:00+00:00,2023-08-23 21:30:00+00:00,-1,-1,4,tp,6,0.6800313974085319,0.5051729232169737
2023-08-24 17:30:00+00:00,2023-08-24 17:45:00+00:00,2023-08-24 19:15:00+00:00,1,1,5,tp,6,0.6844021854114255,0.462408323882073
2023-08-24 20:45:00+00:00,2023-08-24 21:00:00+00:00,2023-08-24 23:00:00+00:00,1,1,4,time,8,0.41851835773982626,0.11296808545229886
2023-08-25 14:15:00+00:00,2023-08-25 14:30:00+00:00,2023-08-25 14:45:00+00:00,-1,-1,6,tp,1,0.22968750649501765,0.08620014798548442
2023-08-28 09:15:00+00:00,2023-08-28 09:30:00+00:00,2023-08-28 11:30:00+00:00,1,1,6,time,8,0.027766539937970708,-0.29772341041414785
2023-08-29 01:15:00+00:00,2023-08-29 01:30:00+00:00,2023-08-29 03:15:00+00:00,-1,-1,4,tp,7,0.6598554873302717,0.2668982362979473
2023-08-31 12:00:00+00:00,2023-08-31 12:15:00+00:00,2023-08-31 14:15:00+00:00,1,1,4,time,8,-0.48869042722710004,-0.6331338416213896
2023-08-31 21:00:00+00:00,2023-08-31 21:15:00+00:00,2023-08-31 23:15:00+00:00,1,1,4,time,8,0.2857273134116336,0.15394245119587785
2023-09-01 13:45:00+00:00,2023-09-01 14:00:00+00:00,2023-09-01 14:30:00+00:00,1,1,6,stop,2,-1.0,-1.2513518223231537
2023-09-01 15:00:00+00:00,2023-09-01 15:15:00+00:00,2023-09-01 15:30:00+00:00,1,1,4,tp,1,0.4610769371778405,0.3117835407900995
2023-09-01 20:30:00+00:00,2023-09-01 20:45:00+00:00,2023-09-01 22:45:00+00:00,-1,-1,4,time,8,0.1257016998363925,-0.07410109667838083
2023-09-03 13:00:00+00:00,2023-09-03 13:15:00+00:00,2023-09-03 15:15:00+00:00,1,1,6,time,8,-0.03573925114030814,-0.39562397965638574
2023-09-03 18:15:00+00:00,2023-09-03 18:30:00+00:00,2023-09-03 20:30:00+00:00,-1,-1,4,time,8,-0.5624379977466449,-0.8351956132126934
2023-09-04 15:30:00+00:00,2023-09-04 15:45:00+00:00,2023-09-04 17:45:00+00:00,-1,-1,4,time,8,-0.5809890040361346,-0.7713025492945405
2023-09-04 21:15:00+00:00,2023-09-04 21:30:00+00:00,2023-09-04 21:45:00+00:00,1,1,5,stop,1,-1.0,-1.3024147725520125
2023-09-06 17:00:00+00:00,2023-09-06 17:15:00+00:00,2023-09-06 17:30:00+00:00,1,1,4,tp,1,0.46547463278576595,0.2842005058600619
2023-09-07 21:15:00+00:00,2023-09-07 21:30:00+00:00,2023-09-07 23:30:00+00:00,-1,-1,4,time,8,0.07071671141574738,-0.06297104440092698
2023-09-10 15:00:00+00:00,2023-09-10 15:15:00+00:00,2023-09-10 15:30:00+00:00,1,1,5,tp,1,0.7353884888638402,0.024995211571132714
2023-09-10 16:45:00+00:00,2023-09-10 17:00:00+00:00,2023-09-10 19:00:00+00:00,1,1,6,time,8,-0.44645206387171427,-0.6730919784810634
2023-09-10 19:30:00+00:00,2023-09-10 19:45:00+00:00,2023-09-10 20:00:00+00:00,1,1,5,tp,1,0.16168486683105004,-0.007503211852096542
2023-09-12 16:30:00+00:00,2023-09-12 16:45:00+00:00,2023-09-12 17:00:00+00:00,-1,-1,6,tp,1,0.4386899244950405,0.34263142529171886
2023-09-12 17:15:00+00:00,2023-09-12 17:30:00+00:00,2023-09-12 19:15:00+00:00,1,1,5,tp,7,1.0721767191741902,0.8523975417119484
2023-09-12 19:15:00+00:00,2023-09-12 19:30:00+00:00,2023-09-12 21:30:00+00:00,-1,-1,4,time,8,0.15342650068361036,-0.046809658226066114
2023-09-13 07:30:00+00:00,2023-09-13 07:45:00+00:00,2023-09-13 08:00:00+00:00,-1,-1,6,tp,1,0.4582120364989272,0.25342418958348895
2023-09-17 01:00:00+00:00,2023-09-17 01:15:00+00:00,2023-09-17 02:45:00+00:00,1,1,5,tp,6,0.7681592023028456,0.19109199124629217
2023-09-18 00:30:00+00:00,2023-09-18 00:45:00+00:00,2023-09-18 02:15:00+00:00,1,1,6,tp,6,0.43877180167456437,0.16239813269542713
2023-09-19 09:30:00+00:00,2023-09-19 09:45:00+00:00,2023-09-19 10:00:00+00:00,-1,-1,4,tp,1,0.6200694141756047,0.3881636907595758
2023-09-20 06:00:00+00:00,2023-09-20 06:15:00+00:00,2023-09-20 08:15:00+00:00,1,1,4,tp,8,0.7480943590001458,0.4493129170549649
2023-09-20 09:45:00+00:00,2023-09-20 10:00:00+00:00,2023-09-20 12:00:00+00:00,1,1,5,time,8,0.3617741236506455,0.051206543101855406
2023-09-25 00:15:00+00:00,2023-09-25 00:30:00+00:00,2023-09-25 01:00:00+00:00,1,1,6,tp,2,0.6086907232321646,0.4085870609641078
2023-09-26 21:15:00+00:00,2023-09-26 21:30:00+00:00,2023-09-26 23:30:00+00:00,1,1,5,tp,8,1.0178254713322623,0.4911389027078039
2023-09-28 14:45:00+00:00,2023-09-28 15:00:00+00:00,2023-09-28 15:30:00+00:00,-1,-1,4,stop,2,-1.0,-1.273855170500787
2023-09-28 16:00:00+00:00,2023-09-28 16:15:00+00:00,2023-09-28 16:30:00+00:00,-1,-1,4,stop,1,-1.0,-1.2404590235618083
2023-10-01 20:00:00+00:00,2023-10-01 20:15:00+00:00,2023-10-01 21:30:00+00:00,1,1,5,tp,5,0.1355825946494357,-0.2008711967858758
2023-10-03 20:00:00+00:00,2023-10-03 20:15:00+00:00,2023-10-03 21:15:00+00:00,1,1,4,tp,4,0.45390136311756957,0.285921248151224
2023-10-05 15:30:00+00:00,2023-10-05 15:45:00+00:00,2023-10-05 16:00:00+00:00,1,1,6,stop,1,-1.0,-1.181995262589398
2023-10-06 13:30:00+00:00,2023-10-06 13:45:00+00:00,2023-10-06 15:15:00+00:00,-1,-1,5,stop,6,-1.0,-1.1674016019178355
2023-10-12 16:15:00+00:00,2023-10-12 16:30:00+00:00,2023-10-12 18:30:00+00:00,1,1,5,time,8,-0.06992138985961728,-0.2651183249236053
2023-10-13 21:00:00+00:00,2023-10-13 21:15:00+00:00,2023-10-13 22:45:00+00:00,-1,-1,4,tp,6,0.42745596414632336,0.268110919281322
2023-10-18 04:45:00+00:00,2023-10-18 05:00:00+00:00,2023-10-18 07:00:00+00:00,-1,-1,4,tp,8,0.3110652419664455,0.21117084565871477
2023-10-31 06:30:00+00:00,2023-10-31 06:45:00+00:00,2023-10-31 07:30:00+00:00,1,1,5,stop,3,-1.0,-1.2489501148816264
2023-10-31 08:00:00+00:00,2023-10-31 08:15:00+00:00,2023-10-31 08:30:00+00:00,1,1,5,tp,1,0.5651484426595876,0.34536338546445244
2023-11-01 13:15:00+00:00,2023-11-01 13:30:00+00:00,2023-11-01 13:45:00+00:00,-1,-1,5,tp,1,0.33542427403009695,0.24227881937648574
2023-11-07 17:00:00+00:00,2023-11-07 17:15:00+00:00,2023-11-07 17:30:00+00:00,1,1,5,tp,1,0.6496231866942871,0.36649640726714977
2023-11-09 16:30:00+00:00,2023-11-09 16:45:00+00:00,2023-11-09 18:45:00+00:00,1,1,4,time,8,0.09273769436539282,0.045378222199448155
2023-11-12 00:45:00+00:00,2023-11-12 01:00:00+00:00,2023-11-12 03:00:00+00:00,1,1,5,time,8,0.05223557042150498,-0.19786901788435815
2023-11-18 07:00:00+00:00,2023-11-18 07:15:00+00:00,2023-11-18 07:45:00+00:00,1,1,5,tp,2,0.7585671247758722,0.28317199136478
2023-11-26 12:15:00+00:00,2023-11-26 12:30:00+00:00,2023-11-26 14:30:00+00:00,1,1,4,time,8,-0.45444900336750044,-0.6145284669524922
2023-12-02 19:15:00+00:00,2023-12-02 19:30:00+00:00,2023-12-02 20:45:00+00:00,1,1,5,tp,5,0.5899178241514376,0.43375930833405296
2023-12-03 22:30:00+00:00,2023-12-03 22:45:00+00:00,2023-12-04 00:45:00+00:00,-1,-1,6,time,8,-0.5554344330309721,-0.6691280393028155
2023-12-13 02:15:00+00:00,2023-12-13 02:30:00+00:00,2023-12-13 04:30:00+00:00,1,1,4,time,8,0.018024578228815587,-0.13372625436443392
2023-12-14 13:30:00+00:00,2023-12-14 13:45:00+00:00,2023-12-14 15:45:00+00:00,1,1,5,time,8,-0.0253088120011452,-0.06748004181158158
2023-12-15 13:00:00+00:00,2023-12-15 13:15:00+00:00,2023-12-15 13:30:00+00:00,1,1,4,stop,1,-1.0,-1.3320193468706534
2023-12-18 10:30:00+00:00,2023-12-18 10:45:00+00:00,2023-12-18 11:00:00+00:00,1,1,5,tp,1,1.0430955183975512,0.7757882449515754
2023-12-24 22:15:00+00:00,2023-12-24 22:30:00+00:00,2023-12-25 00:30:00+00:00,1,1,6,time,8,-0.527637625796464,-0.6328618945008114
2023-12-26 06:00:00+00:00,2023-12-26 06:15:00+00:00,2023-12-26 08:15:00+00:00,1,1,4,time,8,0.06902172147155304,-0.24603693589101305
2023-12-29 22:15:00+00:00,2023-12-29 22:30:00+00:00,2023-12-29 23:45:00+00:00,1,1,6,tp,5,0.46374019962364516,0.3594999007150446
2023-12-31 02:45:00+00:00,2023-12-31 03:00:00+00:00,2023-12-31 04:00:00+00:00,1,1,4,tp,4,1.0254367773690076,0.6066782115930387
2024-01-05 01:45:00+00:00,2024-01-05 02:00:00+00:00,2024-01-05 04:00:00+00:00,1,1,4,time,8,0.02552275975988455,-0.027919170882304882
2024-01-05 14:30:00+00:00,2024-01-05 14:45:00+00:00,2024-01-05 16:45:00+00:00,1,1,5,time,8,-0.5921088020159552,-0.6838486463820148
2024-01-07 22:30:00+00:00,2024-01-07 22:45:00+00:00,2024-01-07 23:15:00+00:00,1,1,6,stop,2,-1.0,-1.2579699077740398
2024-01-10 11:45:00+00:00,2024-01-10 12:00:00+00:00,2024-01-10 12:45:00+00:00,1,1,5,stop,3,-1.0,-1.0827577970880073
2024-01-14 20:00:00+00:00,2024-01-14 20:15:00+00:00,2024-01-14 21:30:00+00:00,1,1,4,stop,5,-1.0,-1.085372055059378
2024-01-18 17:45:00+00:00,2024-01-18 18:00:00+00:00,2024-01-18 19:00:00+00:00,1,1,4,stop,4,-1.0,-1.1457129315192285
2024-01-31 13:30:00+00:00,2024-01-31 13:45:00+00:00,2024-01-31 14:30:00+00:00,-1,-1,6,stop,3,-1.0,-1.2193704418468534
2024-01-31 15:15:00+00:00,2024-01-31 15:30:00+00:00,2024-01-31 15:45:00+00:00,1,1,6,tp,1,0.05003786186034646,-0.11368819770590552
2024-02-04 22:30:00+00:00,2024-02-04 22:45:00+00:00,2024-02-05 00:45:00+00:00,1,1,4,time,8,-0.4368574256800265,-0.6132644876122445
2024-02-06 10:45:00+00:00,2024-02-06 11:00:00+00:00,2024-02-06 13:00:00+00:00,1,1,5,time,8,0.14635473987948008,-0.23812840524112053
2024-02-06 12:45:00+00:00,2024-02-06 13:00:00+00:00,2024-02-06 13:15:00+00:00,1,1,5,tp,1,0.9094904423869453,0.5566945327089416
2024-02-10 20:45:00+00:00,2024-02-10 21:00:00+00:00,2024-02-10 22:15:00+00:00,-1,-1,4,tp,5,0.5105084412416853,0.3205751065518307
2024-02-11 10:45:00+00:00,2024-02-11 11:00:00+00:00,2024-02-11 11:15:00+00:00,1,1,4,tp,1,0.30568930935394595,0.04254875051807416
2024-02-12 06:45:00+00:00,2024-02-12 07:00:00+00:00,2024-02-12 07:15:00+00:00,1,1,4,tp,1,0.08003526057552092,-0.06268598749786515
2024-02-13 13:45:00+00:00,2024-02-13 14:00:00+00:00,2024-02-13 14:15:00+00:00,-1,-1,4,tp,1,0.5790483427858246,0.42144939424007655
2024-02-13 14:15:00+00:00,2024-02-13 14:30:00+00:00,2024-02-13 16:30:00+00:00,1,1,4,time,8,-0.45945367387086716,-0.5610738292851025
2024-02-14 09:00:00+00:00,2024-02-14 09:15:00+00:00,2024-02-14 11:15:00+00:00,-1,-1,4,time,8,-0.5152357867018612,-0.6035947398291235
2024-02-21 12:00:00+00:00,2024-02-21 12:15:00+00:00,2024-02-21 12:30:00+00:00,1,1,5,tp,1,0.4565770414374702,0.34421355436873324
2024-02-27 02:00:00+00:00,2024-02-27 02:15:00+00:00,2024-02-27 03:45:00+00:00,-1,-1,5,tp,6,0.38904916685126906,0.33102986954311653
2024-02-28 17:30:00+00:00,2024-02-28 17:45:00+00:00,2024-02-28 19:45:00+00:00,1,1,6,time,8,-0.15804621599880206,-0.19062110870440246
2024-03-04 00:45:00+00:00,2024-03-04 01:00:00+00:00,2024-03-04 03:00:00+00:00,1,1,4,time,8,0.0751304525332488,0.007956805725222282
2024-03-05 05:00:00+00:00,2024-03-05 05:15:00+00:00,2024-03-05 06:30:00+00:00,1,1,6,tp,5,0.45032748162893665,0.39698976900526206
2024-03-06 12:45:00+00:00,2024-03-06 13:00:00+00:00,2024-03-06 14:00:00+00:00,1,1,5,tp,4,0.5457645507034973,0.4846293054869517
2024-03-07 14:45:00+00:00,2024-03-07 15:00:00+00:00,2024-03-07 15:45:00+00:00,1,1,6,tp,3,0.8234533211069462,0.6600852767154708
2024-03-11 00:45:00+00:00,2024-03-11 01:00:00+00:00,2024-03-11 03:00:00+00:00,1,1,6,tp,8,0.37808994838895815,0.2999506255763543
2024-03-15 02:45:00+00:00,2024-03-15 03:00:00+00:00,2024-03-15 03:15:00+00:00,1,1,6,stop,1,-1.0,-1.0713478986721947
2024-03-15 04:00:00+00:00,2024-03-15 04:15:00+00:00,2024-03-15 04:30:00+00:00,1,1,4,stop,1,-1.0,-1.0728032115835728
2024-03-17 07:15:00+00:00,2024-03-17 07:30:00+00:00,2024-03-17 08:30:00+00:00,1,1,5,tp,4,0.6496332650629562,0.5446495503246468
2024-03-31 19:00:00+00:00,2024-03-31 19:15:00+00:00,2024-03-31 19:30:00+00:00,1,1,4,tp,1,0.8835369837189387,0.5392937749516502
2024-04-03 00:30:00+00:00,2024-04-03 00:45:00+00:00,2024-04-03 01:45:00+00:00,1,1,5,tp,4,0.5757126731434004,0.459634019145176
2024-04-09 14:45:00+00:00,2024-04-09 15:00:00+00:00,2024-04-09 17:00:00+00:00,1,1,4,stop,8,-1.0,-1.1101382174999002
2024-04-10 01:15:00+00:00,2024-04-10 01:30:00+00:00,2024-04-10 01:45:00+00:00,1,1,6,tp,1,1.0289182966269772,0.7199459876504797
2024-04-10 12:15:00+00:00,2024-04-10 12:30:00+00:00,2024-04-10 12:45:00+00:00,1,1,4,stop,1,-1.0,-1.3273547557036978
2024-04-18 12:30:00+00:00,2024-04-18 12:45:00+00:00,2024-04-18 13:45:00+00:00,1,1,5,tp,4,0.624700096621831,0.5083533614514386
2024-04-22 01:15:00+00:00,2024-04-22 01:30:00+00:00,2024-04-22 01:45:00+00:00,-1,-1,6,tp,1,0.23558137084921996,0.12458290690293636
2024-04-23 20:15:00+00:00,2024-04-23 20:30:00+00:00,2024-04-23 21:30:00+00:00,1,1,4,tp,4,1.0463658344014966,0.6976281100840671
2024-04-24 19:00:00+00:00,2024-04-24 19:15:00+00:00,2024-04-24 20:15:00+00:00,1,1,4,stop,4,-1.0,-1.1505602071471563
2024-04-28 10:15:00+00:00,2024-04-28 10:30:00+00:00,2024-04-28 12:30:00+00:00,1,1,4,time,8,-0.04843684271242949,-0.2990045725975788
2024-04-29 06:45:00+00:00,2024-04-29 07:00:00+00:00,2024-04-29 09:00:00+00:00,1,1,5,time,8,0.5489658054189673,0.2843945016040654
2024-04-29 12:30:00+00:00,2024-04-29 12:45:00+00:00,2024-04-29 13:00:00+00:00,1,1,5,tp,1,0.4586419596490197,0.27515100329008424
2024-04-30 02:00:00+00:00,2024-04-30 02:15:00+00:00,2024-04-30 04:15:00+00:00,1,1,6,time,8,-0.01264413689703624,-0.19995859560203014
2024-04-30 12:00:00+00:00,2024-04-30 12:15:00+00:00,2024-04-30 14:00:00+00:00,1,1,4,stop,7,-1.0,-1.1786086711619246
2024-05-08 00:30:00+00:00,2024-05-08 00:45:00+00:00,2024-05-08 02:45:00+00:00,1,1,6,time,8,0.2750737322793218,0.12168841688820331
2024-05-10 16:00:00+00:00,2024-05-10 16:15:00+00:00,2024-05-10 17:45:00+00:00,1,1,5,stop,6,-1.0,-1.092834457624731
2024-05-11 15:15:00+00:00,2024-05-11 15:30:00+00:00,2024-05-11 17:30:00+00:00,-1,-1,4,time,8,-0.060278522605796636,-0.24430885212129375
2024-05-11 15:30:00+00:00,2024-05-11 15:45:00+00:00,2024-05-11 16:15:00+00:00,1,1,5,tp,2,0.8032531390226044,0.5030524624010981
2024-05-12 07:30:00+00:00,2024-05-12 07:45:00+00:00,2024-05-12 08:00:00+00:00,1,1,4,tp,1,0.5919214061921377,0.19928412533461914
2024-05-14 12:30:00+00:00,2024-05-14 12:45:00+00:00,2024-05-14 14:30:00+00:00,1,1,6,tp,7,0.3605828292676645,0.26039349183141397
2024-05-20 01:30:00+00:00,2024-05-20 01:45:00+00:00,2024-05-20 02:00:00+00:00,1,1,6,tp,1,0.46815511581505126,0.23188488311034308
2024-05-30 06:30:00+00:00,2024-05-30 06:45:00+00:00,2024-05-30 07:45:00+00:00,1,1,5,stop,4,-1.0,-1.3381921837590889
2024-06-06 20:00:00+00:00,2024-06-06 20:15:00+00:00,2024-06-06 20:45:00+00:00,1,1,6,tp,2,0.7625719543296435,0.5145308313393565
2024-06-08 12:00:00+00:00,2024-06-08 12:15:00+00:00,2024-06-08 13:15:00+00:00,1,1,4,stop,4,-1.0,-1.6689508791222032
2024-06-11 06:45:00+00:00,2024-06-11 07:00:00+00:00,2024-06-11 09:00:00+00:00,1,1,5,time,8,-0.3308656740710053,-0.5309209451560297
2024-06-13 12:30:00+00:00,2024-06-13 12:45:00+00:00,2024-06-13 14:00:00+00:00,-1,-1,5,tp,5,0.3519902252820173,0.25098347566757057
2024-06-18 12:30:00+00:00,2024-06-18 12:45:00+00:00,2024-06-18 13:00:00+00:00,-1,-1,4,tp,1,0.33940671988601523,0.044090521349601064
2024-06-23 14:15:00+00:00,2024-06-23 14:30:00+00:00,2024-06-23 14:45:00+00:00,1,1,4,stop,1,-1.0,-1.9844526900796424
2024-06-29 19:30:00+00:00,2024-06-29 19:45:00+00:00,2024-06-29 20:15:00+00:00,1,1,5,tp,2,0.30898410499073353,-0.31238380257133985
2024-07-03 10:30:00+00:00,2024-07-03 10:45:00+00:00,2024-07-03 12:45:00+00:00,1,1,5,time,8,-0.23054449363451088,-0.3452483815885374
2024-07-04 02:00:00+00:00,2024-07-04 02:15:00+00:00,2024-07-04 04:15:00+00:00,1,1,5,time,8,0.07136907933036325,0.001452271446694381
2024-07-05 04:15:00+00:00,2024-07-05 04:30:00+00:00,2024-07-05 06:30:00+00:00,1,1,5,time,8,-0.1261749418679144,-0.18893692757324226
2024-07-08 09:00:00+00:00,2024-07-08 09:15:00+00:00,2024-07-08 10:45:00+00:00,-1,-1,4,tp,6,0.8512371757114545,0.718775496273806
2024-07-18 02:15:00+00:00,2024-07-18 02:30:00+00:00,2024-07-18 04:30:00+00:00,1,1,5,time,8,0.16938108621327672,-0.034598263327084294
2024-07-22 13:30:00+00:00,2024-07-22 13:45:00+00:00,2024-07-22 14:00:00+00:00,-1,-1,5,tp,1,0.19198541224500895,0.03069875804592176
2024-07-29 01:15:00+00:00,2024-07-29 01:30:00+00:00,2024-07-29 02:15:00+00:00,1,1,4,tp,3,0.7254424737146768,0.4949218974830569
2024-08-01 01:30:00+00:00,2024-08-01 01:45:00+00:00,2024-08-01 02:00:00+00:00,1,1,6,stop,1,-1.0,-1.2407853548610774
2024-08-03 16:15:00+00:00,2024-08-03 16:30:00+00:00,2024-08-03 18:30:00+00:00,1,1,5,stop,8,-1.0,-1.1310494900401786
2024-08-05 00:15:00+00:00,2024-08-05 00:30:00+00:00,2024-08-05 00:45:00+00:00,-1,-1,6,tp,1,0.11877996457296776,0.033567217988320686
2024-08-06 13:15:00+00:00,2024-08-06 13:30:00+00:00,2024-08-06 14:00:00+00:00,1,1,5,tp,2,0.34756483838133967,0.26340081859253117
2024-08-09 10:15:00+00:00,2024-08-09 10:30:00+00:00,2024-08-09 12:30:00+00:00,1,1,5,time,8,-0.29607362961176914,-0.4547296559827617
2024-08-10 00:15:00+00:00,2024-08-10 00:30:00+00:00,2024-08-10 01:00:00+00:00,-1,-1,5,tp,2,0.8193547534753586,0.6736167354302667
2024-08-12 23:15:00+00:00,2024-08-12 23:30:00+00:00,2024-08-13 00:45:00+00:00,-1,-1,6,stop,5,-1.0,-1.1574026099626504
2024-08-13 12:30:00+00:00,2024-08-13 12:45:00+00:00,2024-08-13 13:30:00+00:00,-1,-1,4,stop,3,-1.0,-1.223258156284152
2024-08-13 14:30:00+00:00,2024-08-13 14:45:00+00:00,2024-08-13 15:00:00+00:00,1,1,5,tp,1,0.30637792856812146,0.15550471759937615
2024-08-14 22:00:00+00:00,2024-08-14 22:15:00+00:00,2024-08-15 00:15:00+00:00,1,1,4,time,8,0.35364775247590075,0.15162075996838426
2024-08-15 20:45:00+00:00,2024-08-15 21:00:00+00:00,2024-08-15 21:30:00+00:00,1,1,4,tp,2,0.7528609469110263,0.6475820060257228
2024-08-16 13:45:00+00:00,2024-08-16 14:00:00+00:00,2024-08-16 15:30:00+00:00,1,1,4,stop,6,-1.0,-1.1212378022043807
2024-08-21 01:15:00+00:00,2024-08-21 01:30:00+00:00,2024-08-21 02:00:00+00:00,1,1,4,tp,2,0.955538120623201,0.6783361752692834
2024-08-26 02:15:00+00:00,2024-08-26 02:30:00+00:00,2024-08-26 04:30:00+00:00,1,1,4,time,8,0.21181387809209212,-0.10371098245434618
2024-08-28 16:15:00+00:00,2024-08-28 16:30:00+00:00,2024-08-28 16:45:00+00:00,1,1,5,tp,1,0.7762798180487179,0.6470517403754295
2024-08-30 13:45:00+00:00,2024-08-30 14:00:00+00:00,2024-08-30 14:30:00+00:00,1,1,5,stop,2,-1.0,-1.1045285670051912
2024-08-30 15:00:00+00:00,2024-08-30 15:15:00+00:00,2024-08-30 15:30:00+00:00,1,1,6,stop,1,-1.0,-1.1270563858681752
2024-09-09 09:00:00+00:00,2024-09-09 09:15:00+00:00,2024-09-09 11:15:00+00:00,-1,-1,5,time,8,0.02398988267595136,-0.2491602620836969
2024-09-09 15:00:00+00:00,2024-09-09 15:15:00+00:00,2024-09-09 15:45:00+00:00,-1,-1,4,stop,2,-1.0,-1.1951515700411126
2024-09-09 21:15:00+00:00,2024-09-09 21:30:00+00:00,2024-09-09 21:45:00+00:00,-1,-1,4,tp,1,0.7174795359240758,0.5760662855864598
2024-09-12 21:30:00+00:00,2024-09-12 21:45:00+00:00,2024-09-12 23:45:00+00:00,-1,-1,4,time,8,-0.49382864378770236,-0.6295705303079607
2024-09-15 14:15:00+00:00,2024-09-15 14:30:00+00:00,2024-09-15 14:45:00+00:00,1,1,4,tp,1,0.5787884070852954,0.23368910305675167
2024-09-17 19:45:00+00:00,2024-09-17 20:00:00+00:00,2024-09-17 21:30:00+00:00,1,1,5,tp,6,1.0090748216366014,0.8041148143826081
2024-09-18 18:00:00+00:00,2024-09-18 18:15:00+00:00,2024-09-18 18:30:00+00:00,-1,-1,4,stop,1,-1.0,-1.093305999457511
2024-09-18 18:30:00+00:00,2024-09-18 18:45:00+00:00,2024-09-18 20:00:00+00:00,-1,-1,6,tp,5,0.5007367715972613,0.42030072939787666
2024-09-18 19:15:00+00:00,2024-09-18 19:30:00+00:00,2024-09-18 20:00:00+00:00,1,1,4,stop,2,-1.0,-1.144410198009835
2024-09-23 21:15:00+00:00,2024-09-23 21:30:00+00:00,2024-09-23 23:30:00+00:00,1,1,4,time,8,0.022677703194741508,-0.2527738810600454
2024-09-24 00:30:00+00:00,2024-09-24 00:45:00+00:00,2024-09-24 02:00:00+00:00,1,1,6,stop,5,-1.0,-1.1765658309108735
2024-09-26 14:15:00+00:00,2024-09-26 14:30:00+00:00,2024-09-26 14:45:00+00:00,-1,-1,5,tp,1,0.5363714354027237,0.38394657734500304
2024-09-28 21:15:00+00:00,2024-09-28 21:30:00+00:00,2024-09-28 22:00:00+00:00,1,1,5,tp,2,0.6380901374066431,0.13925968279765555
2024-09-30 00:30:00+00:00,2024-09-30 00:45:00+00:00,2024-09-30 01:00:00+00:00,1,1,4,tp,1,0.6975753507933984,0.37764103197877896
2024-09-30 23:00:00+00:00,2024-09-30 23:15:00+00:00,2024-09-30 23:30:00+00:00,1,1,6,stop,1,-1.0,-1.275172475178715
2024-10-01 14:30:00+00:00,2024-10-01 14:45:00+00:00,2024-10-01 15:00:00+00:00,1,1,5,stop,1,-1.0,-1.208084502349562
2024-10-03 14:00:00+00:00,2024-10-03 14:15:00+00:00,2024-10-03 15:00:00+00:00,-1,-1,5,tp,3,0.7776240379850272,0.6205453283728897
2024-10-06 23:00:00+00:00,2024-10-06 23:15:00+00:00,2024-10-07 00:15:00+00:00,-1,-1,4,stop,4,-1.0,-1.3267639452049762
2024-10-07 11:00:00+00:00,2024-10-07 11:15:00+00:00,2024-10-07 11:45:00+00:00,1,1,5,tp,2,0.7160007535019801,0.4265636523031371
2024-10-07 23:00:00+00:00,2024-10-07 23:15:00+00:00,2024-10-08 01:15:00+00:00,1,1,4,time,8,-0.34720995480978767,-0.5030989355932094
2024-10-11 12:30:00+00:00,2024-10-11 12:45:00+00:00,2024-10-11 13:30:00+00:00,-1,-1,4,stop,3,-1.0,-1.2636993592610801
2024-10-11 13:30:00+00:00,2024-10-11 13:45:00+00:00,2024-10-11 14:00:00+00:00,-1,-1,4,stop,1,-1.0,-1.2856528931673838
2024-10-15 15:00:00+00:00,2024-10-15 15:15:00+00:00,2024-10-15 15:30:00+00:00,1,1,6,tp,1,0.8882003594642097,0.7582899547556219
2024-10-17 13:30:00+00:00,2024-10-17 13:45:00+00:00,2024-10-17 14:00:00+00:00,1,1,6,stop,1,-1.0,-1.163401003998095
2024-10-17 14:00:00+00:00,2024-10-17 14:15:00+00:00,2024-10-17 14:45:00+00:00,1,1,4,tp,2,0.7217642990877597,0.49948890606374025
2024-10-20 22:00:00+00:00,2024-10-20 22:15:00+00:00,2024-10-20 22:30:00+00:00,-1,-1,5,stop,1,-1.0,-1.2281215343545437
2024-10-21 13:15:00+00:00,2024-10-21 13:30:00+00:00,2024-10-21 13:45:00+00:00,1,1,5,stop,1,-1.0,-1.2717282535900114
2024-10-22 00:30:00+00:00,2024-10-22 00:45:00+00:00,2024-10-22 01:00:00+00:00,1,1,5,tp,1,0.5930893816075601,0.3871469774900933
2024-10-25 18:00:00+00:00,2024-10-25 18:15:00+00:00,2024-10-25 18:30:00+00:00,1,1,6,tp,1,0.4598721597465813,0.37088793562447075
2024-11-01 01:30:00+00:00,2024-11-01 01:45:00+00:00,2024-11-01 02:00:00+00:00,1,1,5,stop,1,-1.0,-1.206443238426783
2024-11-03 02:45:00+00:00,2024-11-03 03:00:00+00:00,2024-11-03 04:15:00+00:00,1,1,4,tp,5,0.755841008332022,0.4967766024254729
2024-11-03 14:30:00+00:00,2024-11-03 14:45:00+00:00,2024-11-03 15:00:00+00:00,-1,-1,4,tp,1,0.11672498080638957,-0.15707761565621334
2024-11-05 15:00:00+00:00,2024-11-05 15:15:00+00:00,2024-11-05 15:30:00+00:00,1,1,5,stop,1,-1.0,-1.2345497742088136
2024-11-12 00:15:00+00:00,2024-11-12 00:30:00+00:00,2024-11-12 01:00:00+00:00,1,1,5,tp,2,0.7255480832408407,0.6463284877510436
2024-11-12 10:00:00+00:00,2024-11-12 10:15:00+00:00,2024-11-12 10:30:00+00:00,1,1,5,stop,1,-1.0,-1.1270590499269968
2024-11-12 10:45:00+00:00,2024-11-12 11:00:00+00:00,2024-11-12 11:30:00+00:00,1,1,4,tp,2,0.606000485764307,0.5309994227916959
2024-11-25 22:30:00+00:00,2024-11-25 22:45:00+00:00,2024-11-25 23:00:00+00:00,1,1,4,tp,1,1.020670511103807,0.8580242176096753
2024-12-09 03:45:00+00:00,2024-12-09 04:00:00+00:00,2024-12-09 06:00:00+00:00,1,1,6,time,8,0.19538747384803481,0.010578794253345097
2024-12-09 21:00:00+00:00,2024-12-09 21:15:00+00:00,2024-12-09 21:30:00+00:00,1,1,6,tp,1,0.32546529773919547,0.27513513288968816
2024-12-09 22:15:00+00:00,2024-12-09 22:30:00+00:00,2024-12-10 00:15:00+00:00,1,1,6,tp,7,0.17860477163345786,0.1240716444574449
2024-12-10 14:30:00+00:00,2024-12-10 14:45:00+00:00,2024-12-10 15:15:00+00:00,1,1,6,stop,2,-1.0,-1.1436971972959866
2024-12-18 14:30:00+00:00,2024-12-18 14:45:00+00:00,2024-12-18 15:00:00+00:00,1,1,4,stop,1,-1.0,-1.1982573882899505
2024-12-19 02:15:00+00:00,2024-12-19 02:30:00+00:00,2024-12-19 02:45:00+00:00,-1,-1,4,stop,1,-1.0,-1.1232390492740374
2024-12-19 18:15:00+00:00,2024-12-19 18:30:00+00:00,2024-12-19 19:30:00+00:00,1,1,4,stop,4,-1.0,-1.079656089745448
2024-12-21 16:00:00+00:00,2024-12-21 16:15:00+00:00,2024-12-21 18:15:00+00:00,1,1,6,time,8,0.08228157596628877,-0.1340300603322004
2024-12-27 07:45:00+00:00,2024-12-27 08:00:00+00:00,2024-12-27 08:15:00+00:00,-1,-1,4,stop,1,-1.0,-1.263668262759653
2024-12-28 14:15:00+00:00,2024-12-28 14:30:00+00:00,2024-12-28 14:45:00+00:00,-1,-1,6,tp,1,0.47374382848705676,0.2269349401498537
2024-12-28 22:45:00+00:00,2024-12-28 23:00:00+00:00,2024-12-29 01:00:00+00:00,-1,-1,4,tp,8,0.6614413936399776,0.3715153666157253
2024-12-29 14:00:00+00:00,2024-12-29 14:15:00+00:00,2024-12-29 14:30:00+00:00,-1,-1,4,tp,1,0.6559180914361993,0.1989574738081315
2024-12-31 08:30:00+00:00,2024-12-31 08:45:00+00:00,2024-12-31 10:00:00+00:00,-1,-1,4,tp,5,0.7480781942621771,0.5179111560174627
2025-01-02 14:00:00+00:00,2025-01-02 14:15:00+00:00,2025-01-02 14:30:00+00:00,1,1,4,tp,1,0.7103901727614053,0.4309387479662729
2025-01-05 08:15:00+00:00,2025-01-05 08:30:00+00:00,2025-01-05 09:45:00+00:00,1,1,4,stop,5,-1.0,-1.8312485076154141
2025-01-08 15:00:00+00:00,2025-01-08 15:15:00+00:00,2025-01-08 15:30:00+00:00,-1,-1,4,tp,1,0.2964250812072372,0.16745433415824798
2025-01-10 14:30:00+00:00,2025-01-10 14:45:00+00:00,2025-01-10 15:00:00+00:00,1,1,5,stop,1,-1.0,-1.1609251362983166
2025-01-13 14:30:00+00:00,2025-01-13 14:45:00+00:00,2025-01-13 15:00:00+00:00,1,1,5,tp,1,0.22947948655823128,0.17663832740462126
2025-01-16 11:15:00+00:00,2025-01-16 11:30:00+00:00,2025-01-16 12:15:00+00:00,1,1,4,tp,3,0.8669732228116053,0.5208971333695381
2025-01-19 09:15:00+00:00,2025-01-19 09:30:00+00:00,2025-01-19 09:45:00+00:00,1,1,5,tp,1,0.5466417929466572,0.3867689665442229
2025-01-19 22:45:00+00:00,2025-01-19 23:00:00+00:00,2025-01-19 23:15:00+00:00,1,1,6,stop,1,-1.0,-1.0564853274680768
2025-02-03 02:00:00+00:00,2025-02-03 02:15:00+00:00,2025-02-03 04:15:00+00:00,1,1,6,time,8,-0.22192996631363276,-0.2641452862795959
2025-02-05 15:00:00+00:00,2025-02-05 15:15:00+00:00,2025-02-05 16:00:00+00:00,1,1,6,stop,3,-1.0,-1.224318644013479
2025-02-13 11:30:00+00:00,2025-02-13 11:45:00+00:00,2025-02-13 12:00:00+00:00,1,1,5,stop,1,-1.0,-1.4363845190221483
2025-02-13 14:30:00+00:00,2025-02-13 14:45:00+00:00,2025-02-13 15:15:00+00:00,1,1,4,tp,2,0.44343559779392266,0.2540025055865206
2025-02-20 14:30:00+00:00,2025-02-20 14:45:00+00:00,2025-02-20 15:00:00+00:00,-1,-1,4,tp,1,0.653401403916758,0.26888947964456344
2025-02-21 09:15:00+00:00,2025-02-21 09:30:00+00:00,2025-02-21 11:30:00+00:00,-1,-1,4,time,8,-0.5753023035199493,-0.8008253944987683
2025-02-24 13:00:00+00:00,2025-02-24 13:15:00+00:00,2025-02-24 13:30:00+00:00,1,1,4,tp,1,0.3508005810040435,0.07566975851501934
2025-02-24 14:30:00+00:00,2025-02-24 14:45:00+00:00,2025-02-24 15:00:00+00:00,-1,-1,6,tp,1,0.06027126864081231,-0.1267664378959837
2025-02-25 07:30:00+00:00,2025-02-25 07:45:00+00:00,2025-02-25 08:00:00+00:00,1,1,4,tp,1,0.7935855558090347,0.6741158448935675
2025-02-27 13:30:00+00:00,2025-02-27 13:45:00+00:00,2025-02-27 14:15:00+00:00,1,1,4,stop,2,-1.0,-1.1793147997955518
2025-03-01 10:15:00+00:00,2025-03-01 10:30:00+00:00,2025-03-01 10:45:00+00:00,1,1,4,stop,1,-1.0,-1.2491222951357352
2025-03-02 14:15:00+00:00,2025-03-02 14:30:00+00:00,2025-03-02 15:15:00+00:00,1,1,5,tp,3,0.7739479217665721,0.4720569290607337
2025-03-04 02:00:00+00:00,2025-03-04 02:15:00+00:00,2025-03-04 04:15:00+00:00,1,1,6,time,8,0.00776068865282322,-0.0706691787656069
2025-03-04 05:00:00+00:00,2025-03-04 05:15:00+00:00,2025-03-04 07:15:00+00:00,-1,-1,4,time,8,0.34573184025292647,0.22021532416042142
2025-03-06 01:45:00+00:00,2025-03-06 02:00:00+00:00,2025-03-06 02:45:00+00:00,-1,-1,6,stop,3,-1.0,-1.1312836331514369
2025-03-07 00:00:00+00:00,2025-03-07 00:15:00+00:00,2025-03-07 00:30:00+00:00,-1,-1,4,tp,1,0.6975544851421054,0.5944106549050663
2025-03-12 02:00:00+00:00,2025-03-12 02:15:00+00:00,2025-03-12 02:30:00+00:00,1,1,4,stop,1,-1.0,-1.2132050496913158
2025-03-12 08:15:00+00:00,2025-03-12 08:30:00+00:00,2025-03-12 09:00:00+00:00,1,1,5,tp,2,0.5548713444458541,0.3556484459565608
2025-03-12 12:30:00+00:00,2025-03-12 12:45:00+00:00,2025-03-12 13:45:00+00:00,-1,-1,5,tp,4,0.5611707562773876,0.4418225156816964
2025-03-16 19:15:00+00:00,2025-03-16 19:30:00+00:00,2025-03-16 21:30:00+00:00,1,1,5,time,8,-0.42817853551837365,-0.5834207642146003
2025-03-17 12:00:00+00:00,2025-03-17 12:15:00+00:00,2025-03-17 12:30:00+00:00,-1,-1,4,tp,1,0.20025993450355115,0.04113450916517955
2025-03-17 12:30:00+00:00,2025-03-17 12:45:00+00:00,2025-03-17 13:00:00+00:00,-1,-1,5,tp,1,0.44750467422866597,0.29616155254216947
2025-03-19 10:30:00+00:00,2025-03-19 10:45:00+00:00,2025-03-19 11:15:00+00:00,-1,-1,4,stop,2,-1.0,-1.3767265710830148
2025-03-19 13:15:00+00:00,2025-03-19 13:30:00+00:00,2025-03-19 15:00:00+00:00,-1,-1,4,stop,6,-1.0,-1.2463899264278362
2025-03-24 14:15:00+00:00,2025-03-24 14:30:00+00:00,2025-03-24 14:45:00+00:00,-1,-1,4,tp,1,0.7384323403444776,0.5107932773606866
2025-03-26 21:30:00+00:00,2025-03-26 21:45:00+00:00,2025-03-26 23:15:00+00:00,1,1,5,stop,6,-1.0,-1.2813078986051438
2025-03-29 17:30:00+00:00,2025-03-29 17:45:00+00:00,2025-03-29 18:45:00+00:00,-1,-1,6,stop,4,-1.0,-1.214059535428194
2025-03-30 13:30:00+00:00,2025-03-30 13:45:00+00:00,2025-03-30 15:45:00+00:00,1,1,5,time,8,-0.5209239273351348,-0.7887590639579005
2025-04-02 13:45:00+00:00,2025-04-02 14:00:00+00:00,2025-04-02 15:00:00+00:00,-1,-1,6,stop,4,-1.0,-1.1204237572318738
2025-04-05 20:30:00+00:00,2025-04-05 20:45:00+00:00,2025-04-05 21:15:00+00:00,1,1,5,tp,2,0.42615294814479127,-0.032785972403266195
2025-04-06 20:30:00+00:00,2025-04-06 20:45:00+00:00,2025-04-06 22:00:00+00:00,1,1,5,stop,5,-1.0,-1.1387502937235725
2025-04-12 04:30:00+00:00,2025-04-12 04:45:00+00:00,2025-04-12 06:00:00+00:00,-1,-1,5,stop,5,-1.0,-1.2953281881417886
2025-04-17 14:30:00+00:00,2025-04-17 14:45:00+00:00,2025-04-17 15:00:00+00:00,1,1,4,tp,1,0.678619922290226,0.4166305614952606
2025-05-03 17:15:00+00:00,2025-05-03 17:30:00+00:00,2025-05-03 19:30:00+00:00,1,1,4,tp,8,0.6793327231121074,0.19932784576101698
2025-05-05 02:00:00+00:00,2025-05-05 02:15:00+00:00,2025-05-05 04:15:00+00:00,1,1,5,time,8,0.45076140491603667,0.23865307146444595
2025-05-07 18:45:00+00:00,2025-05-07 19:00:00+00:00,2025-05-07 19:30:00+00:00,1,1,4,stop,2,-1.0,-1.1964629352715563
2025-05-08 01:00:00+00:00,2025-05-08 01:15:00+00:00,2025-05-08 02:15:00+00:00,-1,-1,4,stop,4,-1.0,-1.2256086301457623
2025-05-13 02:15:00+00:00,2025-05-13 02:30:00+00:00,2025-05-13 03:15:00+00:00,1,1,4,stop,3,-1.0,-1.2089583650989382
2025-05-15 13:45:00+00:00,2025-05-15 14:00:00+00:00,2025-05-15 14:45:00+00:00,1,1,4,stop,3,-1.0,-1.2032279581438885
2025-05-16 02:15:00+00:00,2025-05-16 02:30:00+00:00,2025-05-16 04:30:00+00:00,1,1,4,stop,8,-1.0,-1.3462213501172662
2025-05-23 12:15:00+00:00,2025-05-23 12:30:00+00:00,2025-05-23 13:30:00+00:00,1,1,6,tp,4,0.5167602551279529,0.3935477410818586
2025-05-26 07:00:00+00:00,2025-05-26 07:15:00+00:00,2025-05-26 09:15:00+00:00,-1,-1,5,time,8,-0.14053004166880836,-0.47543077892429986
2025-05-27 01:15:00+00:00,2025-05-27 01:30:00+00:00,2025-05-27 03:00:00+00:00,1,1,6,tp,6,0.48247843388472106,0.3232506164517549
2025-05-27 14:30:00+00:00,2025-05-27 14:45:00+00:00,2025-05-27 15:45:00+00:00,1,1,5,tp,4,0.5077678946768247,0.36582398862849713
2025-05-29 04:45:00+00:00,2025-05-29 05:00:00+00:00,2025-05-29 07:00:00+00:00,1,1,4,tp,8,0.5925540959037401,0.3784014564741405
2025-06-03 13:30:00+00:00,2025-06-03 13:45:00+00:00,2025-06-03 14:15:00+00:00,1,1,6,tp,2,0.17068399433441295,-0.07298948930437835
2025-06-05 14:15:00+00:00,2025-06-05 14:30:00+00:00,2025-06-05 14:45:00+00:00,1,1,4,tp,1,0.8320199097183736,0.5185322631252381
2025-06-05 20:15:00+00:00,2025-06-05 20:30:00+00:00,2025-06-05 20:45:00+00:00,1,1,4,stop,1,-1.0,-1.218640653851678
2025-06-06 12:30:00+00:00,2025-06-06 12:45:00+00:00,2025-06-06 13:30:00+00:00,-1,-1,5,stop,3,-1.0,-1.211049011470291
2025-06-09 09:45:00+00:00,2025-06-09 10:00:00+00:00,2025-06-09 10:15:00+00:00,-1,-1,4,stop,1,-1.0,-1.421667919479255
2025-06-20 17:30:00+00:00,2025-06-20 17:45:00+00:00,2025-06-20 18:15:00+00:00,1,1,5,tp,2,0.8248763509133069,0.6063554021178711
2025-06-21 21:30:00+00:00,2025-06-21 21:45:00+00:00,2025-06-21 23:30:00+00:00,1,1,6,stop,7,-1.0,-1.1742992161340307
2025-06-26 03:00:00+00:00,2025-06-26 03:15:00+00:00,2025-06-26 05:15:00+00:00,-1,-1,5,time,8,0.7871487412060196,0.3915072541149668
2025-06-27 13:45:00+00:00,2025-06-27 14:00:00+00:00,2025-06-27 15:30:00+00:00,1,1,5,tp,6,0.5847974057463652,0.29066384114854654
2025-06-30 14:00:00+00:00,2025-06-30 14:15:00+00:00,2025-06-30 14:45:00+00:00,1,1,6,stop,2,-1.0,-1.363192541241379
2025-07-01 07:15:00+00:00,2025-07-01 07:30:00+00:00,2025-07-01 07:45:00+00:00,1,1,5,tp,1,0.3312413225530274,-0.11925133282052053
2025-07-02 01:15:00+00:00,2025-07-02 01:30:00+00:00,2025-07-02 01:45:00+00:00,1,1,5,tp,1,0.2647558787793209,0.022597700657424086
2025-07-06 06:15:00+00:00,2025-07-06 06:30:00+00:00,2025-07-06 08:00:00+00:00,-1,-1,4,tp,6,0.7415369090446413,-0.4605767245708403
2025-07-12 12:45:00+00:00,2025-07-12 13:00:00+00:00,2025-07-12 15:00:00+00:00,1,1,5,time,8,-0.3846237421404531,-0.912731596024867
2025-07-17 01:45:00+00:00,2025-07-17 02:00:00+00:00,2025-07-17 04:00:00+00:00,1,1,4,time,8,0.2356639204490062,-0.07759670293821191
2025-07-17 21:30:00+00:00,2025-07-17 21:45:00+00:00,2025-07-17 22:45:00+00:00,1,1,5,stop,4,-1.0,-1.2490781671387918
2025-07-21 16:15:00+00:00,2025-07-21 16:30:00+00:00,2025-07-21 17:30:00+00:00,1,1,5,stop,4,-1.0,-1.313190004500608
2025-07-22 14:00:00+00:00,2025-07-22 14:15:00+00:00,2025-07-22 14:45:00+00:00,1,1,5,tp,2,0.6021045642073872,0.42894009754467277
2025-07-23 13:15:00+00:00,2025-07-23 13:30:00+00:00,2025-07-23 13:45:00+00:00,1,1,5,stop,1,-1.0,-1.4919688198369352
2025-07-29 02:15:00+00:00,2025-07-29 02:30:00+00:00,2025-07-29 03:00:00+00:00,1,1,5,tp,2,0.7733714432128048,0.4573973476228779
2025-07-29 16:30:00+00:00,2025-07-29 16:45:00+00:00,2025-07-29 17:00:00+00:00,1,1,5,tp,1,0.7230466197850896,0.43485281319607294
2025-07-30 19:00:00+00:00,2025-07-30 19:15:00+00:00,2025-07-30 19:45:00+00:00,1,1,4,tp,2,0.8830655304693712,0.6152385730452932
2025-08-01 00:45:00+00:00,2025-08-01 01:00:00+00:00,2025-08-01 02:30:00+00:00,1,1,5,tp,6,0.47863231168218073,0.34597828022195176
2025-08-04 13:45:00+00:00,2025-08-04 14:00:00+00:00,2025-08-04 14:15:00+00:00,1,1,4,tp,1,0.02217698417561089,-0.3654815202977066
2025-08-05 22:00:00+00:00,2025-08-05 22:15:00+00:00,2025-08-05 23:00:00+00:00,1,1,6,tp,3,0.4016102107952888,0.1092243516035113
2025-08-07 16:45:00+00:00,2025-08-07 17:00:00+00:00,2025-08-07 19:00:00+00:00,1,1,6,time,8,0.4170217305023784,0.1876754558107351
2025-08-11 08:00:00+00:00,2025-08-11 08:15:00+00:00,2025-08-11 09:30:00+00:00,1,1,4,stop,5,-1.0,-1.3118493389586263
2025-08-14 13:00:00+00:00,2025-08-14 13:15:00+00:00,2025-08-14 13:30:00+00:00,1,1,6,stop,1,-1.0,-1.1260608641469654
2025-08-26 13:45:00+00:00,2025-08-26 14:00:00+00:00,2025-08-26 16:00:00+00:00,1,1,6,time,8,-0.7330861869076319,-0.9306510293103841
2025-08-27 14:30:00+00:00,2025-08-27 14:45:00+00:00,2025-08-27 16:45:00+00:00,-1,-1,5,time,8,-0.25577550974972063,-0.4576744867528233
2025-08-27 20:00:00+00:00,2025-08-27 20:15:00+00:00,2025-08-27 20:30:00+00:00,1,1,4,tp,1,1.070690738445822,0.7004975018370532
2025-09-03 14:00:00+00:00,2025-09-03 14:15:00+00:00,2025-09-03 14:30:00+00:00,-1,-1,4,stop,1,-1.0,-1.2192845042203742
2025-09-06 16:15:00+00:00,2025-09-06 16:30:00+00:00,2025-09-06 18:30:00+00:00,1,1,5,time,8,-0.3306744399495764,-0.7934216315256941
2025-09-14 04:15:00+00:00,2025-09-14 04:30:00+00:00,2025-09-14 05:30:00+00:00,1,1,4,tp,4,0.5891891485434608,0.04576386263768917
2025-09-16 13:45:00+00:00,2025-09-16 14:00:00+00:00,2025-09-16 15:45:00+00:00,1,1,5,tp,7,0.4683532780220672,0.19856073659890716
2025-09-17 18:00:00+00:00,2025-09-17 18:15:00+00:00,2025-09-17 18:30:00+00:00,-1,-1,4,tp,1,0.09357606201291169,-0.0734984648665922
2025-09-21 09:30:00+00:00,2025-09-21 09:45:00+00:00,2025-09-21 10:00:00+00:00,1,1,4,tp,1,0.5740675482501868,-0.25056828414387877
2025-09-22 06:00:00+00:00,2025-09-22 06:15:00+00:00,2025-09-22 08:15:00+00:00,1,1,6,time,8,-0.24027187058753496,-0.342698000504017
2025-09-23 03:00:00+00:00,2025-09-23 03:15:00+00:00,2025-09-23 03:30:00+00:00,1,1,5,tp,1,0.777296115281005,0.4010882113217864
2025-09-25 02:30:00+00:00,2025-09-25 02:45:00+00:00,2025-09-25 03:15:00+00:00,-1,-1,4,tp,2,1.0499945403101414,0.5813769975829763
2025-10-03 17:00:00+00:00,2025-10-03 17:15:00+00:00,2025-10-03 18:00:00+00:00,1,1,6,stop,3,-1.0,-1.1180730622554964
2025-10-06 00:15:00+00:00,2025-10-06 00:30:00+00:00,2025-10-06 00:45:00+00:00,-1,-1,5,tp,1,0.466706475770364,0.24072734739562845
2025-10-10 15:30:00+00:00,2025-10-10 15:45:00+00:00,2025-10-10 16:45:00+00:00,1,1,6,stop,4,-1.0,-1.1394411862717067
2025-10-12 00:30:00+00:00,2025-10-12 00:45:00+00:00,2025-10-12 01:00:00+00:00,-1,-1,5,tp,1,0.06898764069856929,-0.11686119035302138
2025-10-14 06:45:00+00:00,2025-10-14 07:00:00+00:00,2025-10-14 09:00:00+00:00,1,1,5,time,8,-0.30669437634582314,-0.5258511571364166
2025-10-15 13:30:00+00:00,2025-10-15 13:45:00+00:00,2025-10-15 14:00:00+00:00,-1,-1,4,stop,1,-1.0,-1.2041153439806331
2025-10-15 13:45:00+00:00,2025-10-15 14:00:00+00:00,2025-10-15 14:15:00+00:00,1,1,5,tp,1,0.7139964754112853,0.5077959484262795
2025-10-15 20:30:00+00:00,2025-10-15 20:45:00+00:00,2025-10-15 22:45:00+00:00,1,1,5,time,8,-0.7089474786050652,-0.8882919322001203
2025-10-16 09:30:00+00:00,2025-10-16 09:45:00+00:00,2025-10-16 10:00:00+00:00,1,1,6,tp,1,0.14106276811903037,0.05832323594959482
2025-10-17 09:30:00+00:00,2025-10-17 09:45:00+00:00,2025-10-17 10:00:00+00:00,-1,-1,4,tp,1,0.9729989702324415,0.7498102806082041
2025-10-21 14:15:00+00:00,2025-10-21 14:30:00+00:00,2025-10-21 14:45:00+00:00,-1,-1,4,stop,1,-1.0,-1.1460922770539108
2025-10-24 11:30:00+00:00,2025-10-24 11:45:00+00:00,2025-10-24 12:30:00+00:00,1,1,5,tp,3,0.7073277218979065,0.3957215970184154
2025-10-27 19:00:00+00:00,2025-10-27 19:15:00+00:00,2025-10-27 19:30:00+00:00,1,1,4,stop,1,-1.0,-1.3573931237074914
2025-10-28 02:45:00+00:00,2025-10-28 03:00:00+00:00,2025-10-28 05:00:00+00:00,1,1,4,time,8,-0.2126553594476651,-0.5618169755079949
2025-10-28 14:45:00+00:00,2025-10-28 15:00:00+00:00,2025-10-28 17:00:00+00:00,1,1,6,time,8,0.42136380417590164,0.2559104208654285
2025-10-28 21:00:00+00:00,2025-10-28 21:15:00+00:00,2025-10-28 23:15:00+00:00,1,1,4,time,8,0.34353739144573203,0.08533498277645069
2025-11-04 20:15:00+00:00,2025-11-04 20:30:00+00:00,2025-11-04 21:30:00+00:00,1,1,5,stop,4,-1.0,-1.1226929027164496
2025-11-06 07:15:00+00:00,2025-11-06 07:30:00+00:00,2025-11-06 09:30:00+00:00,1,1,5,time,8,-0.7362603017366983,-0.9699394100011208
2025-11-07 14:30:00+00:00,2025-11-07 14:45:00+00:00,2025-11-07 15:00:00+00:00,1,1,4,tp,1,7.025577607225428e-05,-0.09905138455924666
2025-11-09 23:00:00+00:00,2025-11-09 23:15:00+00:00,2025-11-10 00:00:00+00:00,-1,-1,6,tp,3,0.8184250802225306,0.5859421557692206
2025-11-10 00:00:00+00:00,2025-11-10 00:15:00+00:00,2025-11-10 00:30:00+00:00,1,1,6,tp,1,0.5416995102864924,0.3696011777322168
2025-11-13 15:00:00+00:00,2025-11-13 15:15:00+00:00,2025-11-13 15:30:00+00:00,1,1,5,stop,1,-1.0,-1.1414286491330303
2025-11-15 17:15:00+00:00,2025-11-15 17:30:00+00:00,2025-11-15 19:30:00+00:00,-1,-1,6,time,8,0.05878901256533329,-0.2381669759521801
2025-11-16 01:00:00+00:00,2025-11-16 01:15:00+00:00,2025-11-16 01:30:00+00:00,1,1,6,stop,1,-1.0,-1.2672131209190467
2025-11-16 12:30:00+00:00,2025-11-16 12:45:00+00:00,2025-11-16 13:15:00+00:00,1,1,6,stop,2,-1.0,-1.2974312122857554
2025-11-16 16:00:00+00:00,2025-11-16 16:15:00+00:00,2025-11-16 16:30:00+00:00,-1,-1,4,tp,1,0.12142066877350743,-0.1001575617577995
2025-11-16 23:00:00+00:00,2025-11-16 23:15:00+00:00,2025-11-16 23:45:00+00:00,1,1,6,tp,2,0.7195894151383134,0.5841920771467031
2025-11-17 15:15:00+00:00,2025-11-17 15:30:00+00:00,2025-11-17 16:00:00+00:00,1,1,6,stop,2,-1.0,-1.1528738407305084
2025-11-18 14:30:00+00:00,2025-11-18 14:45:00+00:00,2025-11-18 15:15:00+00:00,-1,-1,5,stop,2,-1.0,-1.1190888761963669
2025-11-20 13:30:00+00:00,2025-11-20 13:45:00+00:00,2025-11-20 14:00:00+00:00,-1,-1,5,tp,1,0.13150223922475576,0.0014056737043710577
2025-11-21 07:30:00+00:00,2025-11-21 07:45:00+00:00,2025-11-21 09:45:00+00:00,1,1,5,time,8,-0.6368427451900864,-0.6720950997985434
2025-11-23 04:15:00+00:00,2025-11-23 04:30:00+00:00,2025-11-23 05:30:00+00:00,-1,-1,4,tp,4,0.9582342084366946,0.6881256423078462
2025-11-24 14:30:00+00:00,2025-11-24 14:45:00+00:00,2025-11-24 16:00:00+00:00,-1,-1,6,stop,5,-1.0,-1.1013700864949125
2025-11-25 14:45:00+00:00,2025-11-25 15:00:00+00:00,2025-11-25 15:45:00+00:00,1,1,5,tp,3,0.6748201952433615,0.5032012101430932
2025-11-29 06:30:00+00:00,2025-11-29 06:45:00+00:00,2025-11-29 08:45:00+00:00,1,1,4,time,8,0.32648195367235266,-0.13571559338872025
2025-11-30 08:15:00+00:00,2025-11-30 08:30:00+00:00,2025-11-30 09:00:00+00:00,-1,-1,4,stop,2,-1.0,-1.3617558484299117
2025-12-01 12:45:00+00:00,2025-12-01 13:00:00+00:00,2025-12-01 13:15:00+00:00,1,1,6,tp,1,0.5277212819917638,0.36993843729167425
2025-12-01 14:30:00+00:00,2025-12-01 14:45:00+00:00,2025-12-01 15:15:00+00:00,-1,-1,4,tp,2,0.6918721379563209,0.5194035577297051
2025-12-03 15:00:00+00:00,2025-12-03 15:15:00+00:00,2025-12-03 17:15:00+00:00,-1,-1,6,time,8,-0.3227352731211072,-0.4741611850927041
2025-12-06 14:15:00+00:00,2025-12-06 14:30:00+00:00,2025-12-06 15:15:00+00:00,-1,-1,4,tp,3,0.49752096099893717,0.19141550000637003
2025-12-09 15:00:00+00:00,2025-12-09 15:15:00+00:00,2025-12-09 15:30:00+00:00,-1,-1,5,stop,1,-1.0,-1.1753531668585058
2025-12-10 10:00:00+00:00,2025-12-10 10:15:00+00:00,2025-12-10 10:30:00+00:00,-1,-1,5,tp,1,0.7084575005540037,0.3660635815636931
2025-12-10 15:30:00+00:00,2025-12-10 15:45:00+00:00,2025-12-10 16:00:00+00:00,1,1,4,tp,1,0.9861293126698361,0.6309045143497942
2025-12-10 19:00:00+00:00,2025-12-10 19:15:00+00:00,2025-12-10 20:00:00+00:00,1,1,4,tp,3,0.18668975488247175,0.09630585474107073
2025-12-10 19:30:00+00:00,2025-12-10 19:45:00+00:00,2025-12-10 20:00:00+00:00,-1,-1,6,stop,1,-1.0,-1.179834998706078
2025-12-11 14:30:00+00:00,2025-12-11 14:45:00+00:00,2025-12-11 15:00:00+00:00,1,1,5,stop,1,-1.0,-1.2253359303976457
2025-12-13 21:30:00+00:00,2025-12-13 21:45:00+00:00,2025-12-13 22:00:00+00:00,1,1,6,tp,1,0.45949948865960066,0.07689185161702455
2025-12-14 23:30:00+00:00,2025-12-14 23:45:00+00:00,2025-12-15 00:00:00+00:00,1,1,6,tp,1,0.7132994920591841,0.49203616511568293
2025-12-15 14:30:00+00:00,2025-12-15 14:45:00+00:00,2025-12-15 15:00:00+00:00,-1,-1,5,tp,1,0.3099824248605611,0.1246315129651192
2025-12-16 04:45:00+00:00,2025-12-16 05:00:00+00:00,2025-12-16 06:00:00+00:00,1,1,4,tp,4,0.6095143162262823,0.4198365874161414
2025-12-21 23:00:00+00:00,2025-12-21 23:15:00+00:00,2025-12-22 00:00:00+00:00,-1,-1,4,stop,3,-1.0,-1.357941816023569
2025-12-22 12:30:00+00:00,2025-12-22 12:45:00+00:00,2025-12-22 13:30:00+00:00,-1,-1,4,tp,3,0.6759606512646136,0.44089118068650557
2025-12-23 03:00:00+00:00,2025-12-23 03:15:00+00:00,2025-12-23 05:15:00+00:00,1,1,4,time,8,-0.29773373443353435,-0.5992079627950597
2025-12-24 14:30:00+00:00,2025-12-24 14:45:00+00:00,2025-12-24 16:30:00+00:00,1,1,4,tp,7,0.45433743427877193,0.2640495211242171
2025-12-28 18:15:00+00:00,2025-12-28 18:30:00+00:00,2025-12-28 20:00:00+00:00,1,1,4,stop,6,-1.0,-1.466332250257808
2025-12-29 09:45:00+00:00,2025-12-29 10:00:00+00:00,2025-12-29 10:45:00+00:00,1,1,4,stop,3,-1.0,-1.2984681012973232
2025-12-30 14:00:00+00:00,2025-12-30 14:15:00+00:00,2025-12-30 14:30:00+00:00,1,1,4,tp,1,0.4772457566335622,-0.030035270218972843
2026-01-04 23:00:00+00:00,2026-01-04 23:15:00+00:00,2026-01-04 23:45:00+00:00,-1,-1,4,stop,2,-1.0,-1.5347000236979633
2026-01-09 13:30:00+00:00,2026-01-09 13:45:00+00:00,2026-01-09 14:00:00+00:00,-1,-1,4,tp,1,0.6179706547070369,0.348545430377412
2026-01-11 23:00:00+00:00,2026-01-11 23:15:00+00:00,2026-01-11 23:30:00+00:00,1,1,5,tp,1,0.2395988070224747,-0.0004455743560484171
2026-01-13 14:00:00+00:00,2026-01-13 14:15:00+00:00,2026-01-13 14:30:00+00:00,1,1,4,tp,1,1.079522446666606,0.6087966181017521
2026-01-20 06:15:00+00:00,2026-01-20 06:30:00+00:00,2026-01-20 06:45:00+00:00,1,1,5,stop,1,-1.0,-1.2723203415256512
2026-01-20 15:00:00+00:00,2026-01-20 15:15:00+00:00,2026-01-20 15:30:00+00:00,1,1,4,tp,1,0.8307868501939287,0.586492862596449
2026-01-24 16:15:00+00:00,2026-01-24 16:30:00+00:00,2026-01-24 17:00:00+00:00,1,1,4,tp,2,0.9448693302947548,-0.08554966329453095
2026-01-30 18:15:00+00:00,2026-01-30 18:30:00+00:00,2026-01-30 18:45:00+00:00,1,1,4,tp,1,0.9524751377388716,0.7976152089588384
2026-01-31 18:30:00+00:00,2026-01-31 18:45:00+00:00,2026-01-31 20:45:00+00:00,1,1,5,time,8,0.20017759280135505,0.1505668654818989
2026-02-01 14:30:00+00:00,2026-02-01 14:45:00+00:00,2026-02-01 15:15:00+00:00,1,1,4,stop,2,-1.0,-1.1524650364547557
2026-02-03 15:00:00+00:00,2026-02-03 15:15:00+00:00,2026-02-03 15:30:00+00:00,-1,-1,6,stop,1,-1.0,-1.1891179071486404
2026-02-05 01:15:00+00:00,2026-02-05 01:30:00+00:00,2026-02-05 02:15:00+00:00,1,1,6,stop,3,-1.0,-1.0914604648354969
2026-02-05 21:00:00+00:00,2026-02-05 21:15:00+00:00,2026-02-05 23:15:00+00:00,-1,-1,5,time,8,-0.6190387396129231,-0.6761658406222946
2026-02-08 23:00:00+00:00,2026-02-08 23:15:00+00:00,2026-02-08 23:30:00+00:00,-1,-1,4,tp,1,0.4579829895562006,0.3631877808637248
2026-02-10 14:15:00+00:00,2026-02-10 14:30:00+00:00,2026-02-10 14:45:00+00:00,-1,-1,5,tp,1,0.8809750996454767,0.6599020630995225
2026-02-10 15:00:00+00:00,2026-02-10 15:15:00+00:00,2026-02-10 15:30:00+00:00,-1,-1,5,stop,1,-1.0,-1.153147505842378
2026-02-13 13:30:00+00:00,2026-02-13 13:45:00+00:00,2026-02-13 14:30:00+00:00,-1,-1,6,tp,3,0.8605135987578248,0.6126808748920827
2026-02-15 17:45:00+00:00,2026-02-15 18:00:00+00:00,2026-02-15 19:00:00+00:00,1,1,4,stop,4,-1.0,-1.1893563316018023
2026-02-16 13:00:00+00:00,2026-02-16 13:15:00+00:00,2026-02-16 13:30:00+00:00,-1,-1,5,tp,1,0.7027264501490166,0.5214786960699823
2026-02-18 14:45:00+00:00,2026-02-18 15:00:00+00:00,2026-02-18 15:30:00+00:00,1,1,4,tp,2,0.5813229801130545,0.4179239289547143
2026-02-19 17:15:00+00:00,2026-02-19 17:30:00+00:00,2026-02-19 19:00:00+00:00,-1,-1,4,stop,6,-1.0,-1.17924968824742
2026-02-20 15:00:00+00:00,2026-02-20 15:15:00+00:00,2026-02-20 17:15:00+00:00,-1,-1,6,time,8,-0.10153270735336432,-0.17266848286155048
2026-02-24 01:15:00+00:00,2026-02-24 01:30:00+00:00,2026-02-24 03:30:00+00:00,1,1,6,time,8,-0.6848147449162981,-0.7665834390576755
2026-02-24 13:30:00+00:00,2026-02-24 13:45:00+00:00,2026-02-24 14:30:00+00:00,1,1,5,tp,3,0.5941135706298694,0.43462491789846885
2026-02-24 14:45:00+00:00,2026-02-24 15:00:00+00:00,2026-02-24 15:15:00+00:00,-1,-1,5,stop,1,-1.0,-1.1992429694101587
2026-02-26 14:45:00+00:00,2026-02-26 15:00:00+00:00,2026-02-26 15:15:00+00:00,1,1,5,stop,1,-1.0,-1.1962133759525202
2026-02-27 13:30:00+00:00,2026-02-27 13:45:00+00:00,2026-02-27 15:45:00+00:00,1,1,6,time,8,0.16372884762851136,-0.049655287710415885
2026-02-27 22:30:00+00:00,2026-02-27 22:45:00+00:00,2026-02-27 23:00:00+00:00,1,1,5,tp,1,0.21101730330722196,0.08732963224801066
2026-02-28 04:30:00+00:00,2026-02-28 04:45:00+00:00,2026-02-28 06:00:00+00:00,1,1,4,stop,5,-1.0,-1.4385638020133524
2026-03-02 08:00:00+00:00,2026-03-02 08:15:00+00:00,2026-03-02 09:00:00+00:00,1,1,4,tp,3,0.9131828300450548,0.7142530153648443
2026-03-04 14:30:00+00:00,2026-03-04 14:45:00+00:00,2026-03-04 15:15:00+00:00,-1,-1,5,stop,2,-1.0,-1.0745039032762191
2026-03-11 12:30:00+00:00,2026-03-11 12:45:00+00:00,2026-03-11 13:00:00+00:00,-1,-1,5,stop,1,-1.0,-1.162467666034562
2026-03-11 13:30:00+00:00,2026-03-11 13:45:00+00:00,2026-03-11 14:00:00+00:00,-1,-1,4,tp,1,0.6375630386706211,0.5008268948256595
2026-03-12 13:30:00+00:00,2026-03-12 13:45:00+00:00,2026-03-12 14:15:00+00:00,-1,-1,4,stop,2,-1.0,-1.2262272961835683
2026-03-13 00:30:00+00:00,2026-03-13 00:45:00+00:00,2026-03-13 02:45:00+00:00,-1,-1,6,tp,8,0.7278684611299336,0.5511351963925126
2026-03-14 01:30:00+00:00,2026-03-14 01:45:00+00:00,2026-03-14 03:15:00+00:00,1,1,4,tp,6,0.5188812557358731,0.2654708003717498
2026-03-16 13:30:00+00:00,2026-03-16 13:45:00+00:00,2026-03-16 14:15:00+00:00,-1,-1,4,tp,2,0.7791503290757534,0.5697931624609707
2026-03-17 13:30:00+00:00,2026-03-17 13:45:00+00:00,2026-03-17 14:00:00+00:00,-1,-1,5,tp,1,0.10338084983610007,-0.08739173457744401
2026-03-17 15:00:00+00:00,2026-03-17 15:15:00+00:00,2026-03-17 17:15:00+00:00,-1,-1,4,time,8,-0.2014038516388014,-0.3227620186232541
2026-03-18 11:00:00+00:00,2026-03-18 11:15:00+00:00,2026-03-18 11:30:00+00:00,1,1,4,stop,1,-1.0,-1.3874216505522923
2026-03-20 13:30:00+00:00,2026-03-20 13:45:00+00:00,2026-03-20 14:00:00+00:00,1,1,6,stop,1,-1.0,-1.182341702099978
2026-03-22 00:00:00+00:00,2026-03-22 00:15:00+00:00,2026-03-22 00:30:00+00:00,1,1,5,tp,1,0.632449761397624,0.44514129670823305
2026-03-22 21:15:00+00:00,2026-03-22 21:30:00+00:00,2026-03-22 22:00:00+00:00,1,1,6,tp,2,0.6442948848666838,0.45914999524481637
2026-03-27 13:30:00+00:00,2026-03-27 13:45:00+00:00,2026-03-27 14:15:00+00:00,1,1,5,stop,2,-1.0,-1.185922326984378
2026-03-29 22:45:00+00:00,2026-03-29 23:00:00+00:00,2026-03-29 23:15:00+00:00,1,1,5,tp,1,0.3733189745514797,0.2770264419566107
2026-03-30 11:15:00+00:00,2026-03-30 11:30:00+00:00,2026-03-30 13:15:00+00:00,-1,-1,6,stop,7,-1.0,-1.2484640749051674
2026-03-31 01:30:00+00:00,2026-03-31 01:45:00+00:00,2026-03-31 03:45:00+00:00,-1,-1,5,time,8,0.41067142780887067,0.23523514093463066
2026-04-01 17:00:00+00:00,2026-04-01 17:15:00+00:00,2026-04-01 17:30:00+00:00,-1,-1,6,tp,1,0.7878944967380271,0.5915722734802525
2026-04-03 02:15:00+00:00,2026-04-03 02:30:00+00:00,2026-04-03 02:45:00+00:00,-1,-1,4,tp,1,0.14657023017433843,-0.12658163425916788
2026-04-05 15:30:00+00:00,2026-04-05 15:45:00+00:00,2026-04-05 16:45:00+00:00,-1,-1,6,tp,4,0.48155415795626855,0.2724030924643584
2026-04-09 22:15:00+00:00,2026-04-09 22:30:00+00:00,2026-04-09 22:45:00+00:00,-1,-1,6,tp,1,0.6888257515127478,0.5192810663593588
2026-04-18 16:15:00+00:00,2026-04-18 16:30:00+00:00,2026-04-18 18:30:00+00:00,1,1,4,stop,8,-1.0,-1.2129721323643252
2026-04-21 08:45:00+00:00,2026-04-21 09:00:00+00:00,2026-04-21 09:15:00+00:00,-1,-1,5,tp,1,0.5123468700282411,0.3285794282554835
2026-04-23 12:45:00+00:00,2026-04-23 13:00:00+00:00,2026-04-23 13:45:00+00:00,1,1,4,stop,3,-1.0,-1.2640034616071003
2026-04-26 22:15:00+00:00,2026-04-26 22:30:00+00:00,2026-04-26 23:15:00+00:00,-1,-1,5,tp,3,0.8031047880742185,0.5168307753168868
2026-04-27 13:45:00+00:00,2026-04-27 14:00:00+00:00,2026-04-27 14:30:00+00:00,1,1,4,tp,2,1.0459469643046224,0.5496118491289798
2026-04-30 14:15:00+00:00,2026-04-30 14:30:00+00:00,2026-04-30 15:30:00+00:00,1,1,4,tp,4,0.8978388525446979,0.5512916065254867
2026-05-11 13:30:00+00:00,2026-05-11 13:45:00+00:00,2026-05-11 14:30:00+00:00,1,1,6,stop,3,-1.0,-1.312636317805695
2026-05-14 03:15:00+00:00,2026-05-14 03:30:00+00:00,2026-05-14 03:45:00+00:00,1,1,4,stop,1,-1.0,-1.3031719665568535
2026-05-17 14:15:00+00:00,2026-05-17 14:30:00+00:00,2026-05-17 16:30:00+00:00,1,1,4,time,8,0.5748877029141829,0.09456220940986582
2026-05-19 13:30:00+00:00,2026-05-19 13:45:00+00:00,2026-05-19 14:15:00+00:00,-1,-1,5,tp,2,0.3891752340172676,0.10096708592001369
2026-05-19 14:45:00+00:00,2026-05-19 15:00:00+00:00,2026-05-19 16:30:00+00:00,1,1,5,tp,6,1.0409842622255623,0.6936351075673639
2026-05-20 12:45:00+00:00,2026-05-20 13:00:00+00:00,2026-05-20 13:15:00+00:00,-1,-1,4,tp,1,0.9838232310950292,0.33827080464751
2026-05-20 20:15:00+00:00,2026-05-20 20:30:00+00:00,2026-05-20 20:45:00+00:00,1,1,5,tp,1,0.2813321656609343,-0.14461970096130222
2026-05-22 17:15:00+00:00,2026-05-22 17:30:00+00:00,2026-05-22 18:00:00+00:00,1,1,4,stop,2,-1.0,-1.3316387283203597
2026-05-22 18:45:00+00:00,2026-05-22 19:00:00+00:00,2026-05-22 19:30:00+00:00,1,1,6,stop,2,-1.0,-1.2190506257069462
2026-05-25 15:00:00+00:00,2026-05-25 15:15:00+00:00,2026-05-25 16:00:00+00:00,-1,-1,4,tp,3,0.7251201431414855,0.2848026628614154
2026-05-28 04:00:00+00:00,2026-05-28 04:15:00+00:00,2026-05-28 06:15:00+00:00,1,1,5,time,8,-0.33164473649766907,-0.5609822964797719
2026-05-29 11:45:00+00:00,2026-05-29 12:00:00+00:00,2026-05-29 12:15:00+00:00,1,1,5,stop,1,-1.0,-1.6058911826548143
2026-05-29 15:30:00+00:00,2026-05-29 15:45:00+00:00,2026-05-29 17:00:00+00:00,-1,-1,6,stop,5,-1.0,-1.2320389127179174
2026-05-31 23:00:00+00:00,2026-05-31 23:15:00+00:00,2026-05-31 23:30:00+00:00,-1,-1,5,tp,1,0.5874882902368836,0.2467435187208321
2026-06-02 19:30:00+00:00,2026-06-02 19:45:00+00:00,2026-06-02 20:00:00+00:00,1,1,6,tp,1,0.7808867473942642,0.6183584168082297
2026-06-03 13:30:00+00:00,2026-06-03 13:45:00+00:00,2026-06-03 14:15:00+00:00,-1,-1,4,tp,2,0.0697795082488811,-0.11228298638256981
2026-06-04 02:00:00+00:00,2026-06-04 02:15:00+00:00,2026-06-04 02:30:00+00:00,1,1,6,tp,1,0.6144323368569812,0.5369624284146494
2026-06-14 21:45:00+00:00,2026-06-14 22:00:00+00:00,2026-06-14 22:15:00+00:00,-1,-1,5,tp,1,0.732637988015267,0.5120276774982714
2026-06-16 12:30:00+00:00,2026-06-16 12:45:00+00:00,2026-06-16 13:00:00+00:00,-1,-1,5,tp,1,0.3692335086034638,0.11399604519708045
2026-06-19 03:15:00+00:00,2026-06-19 03:30:00+00:00,2026-06-19 05:30:00+00:00,1,1,6,time,8,-0.30009751179811794,-0.44398327276595645
2026-06-21 03:15:00+00:00,2026-06-21 03:30:00+00:00,2026-06-21 04:15:00+00:00,-1,-1,4,stop,3,-1.0,-1.6263074820031944
2026-06-21 11:15:00+00:00,2026-06-21 11:30:00+00:00,2026-06-21 12:00:00+00:00,1,1,4,stop,2,-1.0,-1.297633684049981
2026-06-25 11:00:00+00:00,2026-06-25 11:15:00+00:00,2026-06-25 12:30:00+00:00,1,1,5,tp,5,0.6567130279393234,0.3964728059074506
2026-06-25 14:30:00+00:00,2026-06-25 14:45:00+00:00,2026-06-25 16:45:00+00:00,-1,-1,5,time,8,0.15681497032829525,0.08260301219348765
2026-06-26 13:15:00+00:00,2026-06-26 13:30:00+00:00,2026-06-26 13:45:00+00:00,1,1,6,tp,1,0.8042749265331182,0.6595898383122941
2026-06-27 22:15:00+00:00,2026-06-27 22:30:00+00:00,2026-06-27 23:00:00+00:00,1,1,5,tp,2,0.6205372962642329,0.35384504550642054
2026-06-28 19:45:00+00:00,2026-06-28 20:00:00+00:00,2026-06-28 20:15:00+00:00,1,1,5,tp,1,0.8323128140310728,0.5121798564260591
2026-06-29 11:30:00+00:00,2026-06-29 11:45:00+00:00,2026-06-29 12:00:00+00:00,-1,-1,6,stop,1,-1.0,-1.2079032097556246
2026-06-30 15:45:00+00:00,2026-06-30 16:00:00+00:00,2026-06-30 18:00:00+00:00,-1,-1,4,time,8,-0.194852963640278,-0.36137210509945933
