symbol,signal_time,entry_time,exit_time,direction,exit_reason,hold_bars,consec,prem_close_sig,ext_pct_sig,gross_R,net_R
SOLUSDT,2022-01-24 00:00:00+00:00,2022-01-24 04:00:00+00:00,2022-01-24 08:00:00+00:00,1,stop,1,4,-0.00071327,-0.32461125225957416,-1.0000000000000002,-1.0127085616462135
SOLUSDT,2022-01-24 04:00:00+00:00,2022-01-24 08:00:00+00:00,2022-01-24 20:00:00+00:00,1,premium_zerocross,3,4,-7.416e-05,-0.3636536095124164,0.5082718352076515,0.496242933264398
SOLUSDT,2022-01-28 04:00:00+00:00,2022-01-28 08:00:00+00:00,2022-02-02 08:00:00+00:00,1,time,30,4,-0.00034549,-0.2629586393186508,2.6518050209753024,2.6354132082835773
XRPUSDT,2022-01-29 08:00:00+00:00,2022-01-29 12:00:00+00:00,2022-01-31 00:00:00+00:00,1,stop,9,4,-0.00022006,-0.10445568778650136,-0.9999999999999992,-1.0369388900405692
BNBUSDT,2022-02-03 00:00:00+00:00,2022-02-03 04:00:00+00:00,2022-02-05 16:00:00+00:00,1,stop,15,4,-0.00054393,-0.09918980573778106,3.9050717848569194,3.8618413064313257
BNBUSDT,2022-02-03 08:00:00+00:00,2022-02-03 12:00:00+00:00,2022-02-05 16:00:00+00:00,1,stop,13,4,-0.00052457,-0.10236878793014928,4.072659392888838,4.029129407144681
BNBUSDT,2022-02-03 16:00:00+00:00,2022-02-03 20:00:00+00:00,2022-02-05 16:00:00+00:00,1,stop,11,4,-0.0006746,-0.10517812103038159,4.1788783773225235,4.135417307762229
SOLUSDT,2022-02-12 16:00:00+00:00,2022-02-12 20:00:00+00:00,2022-02-13 16:00:00+00:00,1,stop,5,4,-0.00038964,-0.11988562940110024,-1.000000000000001,-1.0243859284194456
SOLUSDT,2022-02-12 20:00:00+00:00,2022-02-13 00:00:00+00:00,2022-02-17 12:00:00+00:00,1,stop,27,4,-4.642e-05,-0.13076466982877516,0.20247346668796604,0.1783971857597093
SOLUSDT,2022-02-13 00:00:00+00:00,2022-02-13 04:00:00+00:00,2022-02-14 00:00:00+00:00,1,stop,5,5,-0.00055511,-0.11971108840823699,-1.0000000000000004,-1.0248213851950776
SOLUSDT,2022-02-13 04:00:00+00:00,2022-02-13 08:00:00+00:00,2022-02-14 00:00:00+00:00,1,stop,4,4,-0.00091523,-0.11631441620791416,-0.9999999999999991,-1.0260479714273258
DOGEUSDT,2022-02-24 08:00:00+00:00,2022-02-24 12:00:00+00:00,2022-02-27 12:00:00+00:00,1,premium_zerocross,18,4,-0.00041042,-0.20948205884434942,2.2399561381791053,2.217353102071988
DOGEUSDT,2022-02-24 12:00:00+00:00,2022-02-24 16:00:00+00:00,2022-02-27 12:00:00+00:00,1,premium_zerocross,17,4,-0.00099409,-0.16760406142473916,1.307948903514459,1.2853867164498343
DOGEUSDT,2022-03-06 12:00:00+00:00,2022-03-06 16:00:00+00:00,2022-03-07 00:00:00+00:00,1,stop,2,4,-0.00023075,-0.07444205436196862,-1.0000000000000009,-1.0431242314571847
DOGEUSDT,2022-03-06 16:00:00+00:00,2022-03-06 20:00:00+00:00,2022-03-07 16:00:00+00:00,1,stop,5,5,-8.2e-05,-0.08927085358860265,-0.9999999999999993,-1.041781923637236
DOGEUSDT,2022-03-06 20:00:00+00:00,2022-03-07 00:00:00+00:00,2022-03-07 16:00:00+00:00,1,stop,4,4,-0.00027343,-0.09258286965952596,-0.999999999999999,-1.0407678080785618
XRPUSDT,2022-04-08 16:00:00+00:00,2022-04-08 20:00:00+00:00,2022-04-11 00:00:00+00:00,1,stop,13,4,-0.00029188,-0.06697930295079463,-1.0000000000000016,-1.0420499676033361
XRPUSDT,2022-04-08 20:00:00+00:00,2022-04-09 00:00:00+00:00,2022-04-11 00:00:00+00:00,1,stop,12,4,-0.00035337,-0.07238811858586244,-0.8428582630052357,-0.884683742178473
XRPUSDT,2022-04-09 00:00:00+00:00,2022-04-09 04:00:00+00:00,2022-04-11 00:00:00+00:00,1,stop,11,4,-0.00050706,-0.05790290502509805,-1.0000000000000022,-1.043703674221761
XRPUSDT,2022-04-10 12:00:00+00:00,2022-04-10 16:00:00+00:00,2022-04-11 00:00:00+00:00,1,stop,2,4,-0.00028051,-0.05529137552229692,-0.7784141732111823,-0.8390369861281464
XRPUSDT,2022-04-27 08:00:00+00:00,2022-04-27 12:00:00+00:00,2022-04-29 08:00:00+00:00,1,stop,11,4,-3.642e-05,-0.12058011607374028,-0.999999999999999,-1.035629592375186
XRPUSDT,2022-04-27 12:00:00+00:00,2022-04-27 16:00:00+00:00,2022-04-29 08:00:00+00:00,1,stop,10,4,-0.00026304,-0.12017203260092056,-1.0000000000000022,-1.0356018885075702
ADAUSDT,2022-05-07 16:00:00+00:00,2022-05-07 20:00:00+00:00,2022-05-08 00:00:00+00:00,1,stop,1,4,-0.00024276,-0.08973120700804618,-0.9999999999999988,-1.0356110901506168
ADAUSDT,2022-05-07 20:00:00+00:00,2022-05-08 00:00:00+00:00,2022-05-08 16:00:00+00:00,1,stop,4,4,-0.00033793,-0.11033664849570964,-1.0,-1.0336520559186186
ADAUSDT,2022-05-16 16:00:00+00:00,2022-05-16 20:00:00+00:00,2022-05-18 12:00:00+00:00,1,stop,10,4,-0.00072344,-0.19706110130676632,-0.7034447165443121,-0.7189493767704809
ADAUSDT,2022-05-16 20:00:00+00:00,2022-05-17 00:00:00+00:00,2022-05-18 12:00:00+00:00,1,stop,9,4,-0.00046846,-0.19677248200457612,-0.685103281222073,-0.7010538613407915
ADAUSDT,2022-05-17 00:00:00+00:00,2022-05-17 04:00:00+00:00,2022-05-18 12:00:00+00:00,1,stop,8,4,-0.00058895,-0.164372709527346,-0.9005840076808383,-0.9174181853959819
ADAUSDT,2022-05-17 04:00:00+00:00,2022-05-17 08:00:00+00:00,2022-05-18 12:00:00+00:00,1,stop,7,4,-0.00094229,-0.15393104503886337,-1.0000000000000002,-1.0175938136394203
DOGEUSDT,2022-05-19 08:00:00+00:00,2022-05-19 12:00:00+00:00,2022-05-22 08:00:00+00:00,1,premium_zerocross,17,4,-0.00013173,-0.19504311765458013,0.05923221960387025,0.03208381519712368
DOGEUSDT,2022-05-28 16:00:00+00:00,2022-05-28 20:00:00+00:00,2022-06-01 16:00:00+00:00,1,stop,23,4,-0.00072545,-0.11346181413775867,0.38834070496572565,0.35968296375162834
DOGEUSDT,2022-05-28 20:00:00+00:00,2022-05-29 00:00:00+00:00,2022-06-01 16:00:00+00:00,1,stop,22,4,-0.00062722,-0.11226789640459456,0.445182094789014,0.4152321569231371
SOLUSDT,2022-06-02 04:00:00+00:00,2022-06-02 08:00:00+00:00,2022-06-03 12:00:00+00:00,1,stop,7,4,-0.00032539,-0.22555374971035588,-0.7473776090643138,-0.7696913012208211
SOLUSDT,2022-06-02 08:00:00+00:00,2022-06-02 12:00:00+00:00,2022-06-03 08:00:00+00:00,1,stop,5,4,-0.0009332,-0.1989901456651121,-1.0000000000000009,-1.0230520548599116
DOGEUSDT,2022-06-08 12:00:00+00:00,2022-06-08 16:00:00+00:00,2022-06-10 00:00:00+00:00,1,stop,8,4,-0.00050509,-0.06367021573379351,-0.9999999999999983,-1.0468144743103582
ADAUSDT,2022-06-22 04:00:00+00:00,2022-06-22 08:00:00+00:00,2022-06-27 08:00:00+00:00,1,time,30,4,-0.00071834,-0.11269771095803827,1.3865777755046769,1.3650373732909933
ADAUSDT,2022-06-22 08:00:00+00:00,2022-06-22 12:00:00+00:00,2022-06-27 12:00:00+00:00,1,time,30,4,-0.00051415,-0.09014897772217599,0.6453356317140839,0.6231253303892575
ADAUSDT,2022-06-22 12:00:00+00:00,2022-06-22 16:00:00+00:00,2022-06-27 16:00:00+00:00,1,stop,30,4,-0.00081448,-0.0999779127224236,0.4541519994637482,0.4317485985167182
ADAUSDT,2022-06-25 12:00:00+00:00,2022-06-25 16:00:00+00:00,2022-06-26 20:00:00+00:00,1,stop,7,5,-0.00026268,-0.05862059601984297,0.5693308375952018,0.5387863001549604
XRPUSDT,2022-06-30 00:00:00+00:00,2022-06-30 04:00:00+00:00,2022-06-30 08:00:00+00:00,1,stop,1,4,-0.00046293,-0.06802628404736392,-1.0000000000000016,-1.0344316101135829
XRPUSDT,2022-06-30 04:00:00+00:00,2022-06-30 08:00:00+00:00,2022-07-01 04:00:00+00:00,1,stop,5,4,-0.00057127,-0.09035243571944788,-0.21345282120973108,-0.24629959769844834
BNBUSDT,2022-06-30 04:00:00+00:00,2022-06-30 08:00:00+00:00,2022-07-01 12:00:00+00:00,1,stop,7,4,-0.00012425,-0.11158637935887077,0.268104347929068,0.2326022025548351
BNBUSDT,2022-06-30 08:00:00+00:00,2022-06-30 12:00:00+00:00,2022-07-01 12:00:00+00:00,1,stop,6,4,-0.00105815,-0.12390385396483544,0.6199079949023413,0.5849154564304869
XRPUSDT,2022-06-30 08:00:00+00:00,2022-06-30 12:00:00+00:00,2022-07-01 04:00:00+00:00,1,stop,4,4,-0.00088782,-0.11267858739153201,0.34414789184860456,0.31266713410779257
BNBUSDT,2022-06-30 16:00:00+00:00,2022-06-30 20:00:00+00:00,2022-07-01 12:00:00+00:00,1,stop,4,4,-3.254e-05,-0.10721430646119053,0.16213268292166028,0.12606417592229693
DOGEUSDT,2022-07-14 12:00:00+00:00,2022-07-14 16:00:00+00:00,2022-07-16 16:00:00+00:00,1,premium_zerocross,12,4,-0.0005127,-0.07905498416650132,1.2268548542126854,1.1903125335306235
DOGEUSDT,2022-07-15 00:00:00+00:00,2022-07-15 04:00:00+00:00,2022-07-16 16:00:00+00:00,1,premium_zerocross,9,4,-0.00086986,-0.05236453834905398,0.629098165633089,0.5914134619550488
DOGEUSDT,2022-08-27 00:00:00+00:00,2022-08-27 04:00:00+00:00,2022-08-29 00:00:00+00:00,1,stop,11,4,-0.0005158,-0.09257810431047467,-1.0000000000000004,-1.0316216985387208
DOGEUSDT,2022-09-14 04:00:00+00:00,2022-09-14 08:00:00+00:00,2022-09-16 00:00:00+00:00,1,stop,10,4,-0.00018863,-0.05526011305495952,-0.9383696354939488,-0.9772302124240435
DOGEUSDT,2022-09-20 08:00:00+00:00,2022-09-20 12:00:00+00:00,2022-09-20 20:00:00+00:00,1,stop,2,4,-0.00034383,-0.05672061166012679,-0.174590527635242,-0.22327928755146387
DOGEUSDT,2022-09-20 20:00:00+00:00,2022-09-21 00:00:00+00:00,2022-09-21 20:00:00+00:00,1,stop,5,4,-0.00044362,-0.05542556530579031,-0.24303403255422004,-0.28558954231133593
SOLUSDT,2022-10-11 20:00:00+00:00,2022-10-12 00:00:00+00:00,2022-10-13 04:00:00+00:00,1,stop,7,4,-0.00068756,-0.06650148526992267,-0.5690026162345063,-0.6258217021527297
ADAUSDT,2022-11-12 12:00:00+00:00,2022-11-12 16:00:00+00:00,2022-11-14 00:00:00+00:00,1,stop,8,4,-0.00013869,-0.10106555760621147,-1.000000000000001,-1.0217368372338131
ADAUSDT,2022-11-12 16:00:00+00:00,2022-11-12 20:00:00+00:00,2022-11-14 00:00:00+00:00,1,stop,7,5,-0.00043828,-0.10289106996384327,-0.9999999999999989,-1.0228949193172168
ADAUSDT,2022-11-12 20:00:00+00:00,2022-11-13 00:00:00+00:00,2022-11-14 00:00:00+00:00,1,stop,6,6,-0.00026666,-0.1143657190689568,-0.9999999999999994,-1.0234568729980424
BNBUSDT,2022-11-12 20:00:00+00:00,2022-11-13 00:00:00+00:00,2022-11-14 12:00:00+00:00,1,premium_zerocross,9,4,-0.00040322,-0.0805150448189292,-0.1861766122085803,-0.207783581896196
ADAUSDT,2022-11-13 00:00:00+00:00,2022-11-13 04:00:00+00:00,2022-11-14 00:00:00+00:00,1,stop,5,6,-0.00043218,-0.09274852367790051,-1.0000000000000013,-1.0246220609070853
BNBUSDT,2022-11-13 00:00:00+00:00,2022-11-13 04:00:00+00:00,2022-11-14 12:00:00+00:00,1,premium_zerocross,8,4,-0.0009675,-0.06570657703911686,-0.3282027111277133,-0.35097872354786447
ADAUSDT,2022-11-13 04:00:00+00:00,2022-11-13 08:00:00+00:00,2022-11-14 04:00:00+00:00,1,stop,5,5,-0.00047754,-0.11753249309791723,-1.0000000000000013,-1.0237692042710977
BNBUSDT,2022-11-13 04:00:00+00:00,2022-11-13 08:00:00+00:00,2022-11-14 12:00:00+00:00,1,premium_zerocross,7,4,-0.00104309,-0.07744179019678982,-0.12791864817843493,-0.15093489283725833
ADAUSDT,2022-11-13 08:00:00+00:00,2022-11-13 12:00:00+00:00,2022-11-18 12:00:00+00:00,1,time,30,4,-0.00031994,-0.12306933733004859,-0.3279516322811711,-0.3521909018137749
ADAUSDT,2022-11-17 12:00:00+00:00,2022-11-17 16:00:00+00:00,2022-11-20 20:00:00+00:00,1,stop,19,4,-0.00069582,-0.11658791346035025,-0.7084651780285686,-0.743776071062145
ADAUSDT,2022-11-18 00:00:00+00:00,2022-11-18 04:00:00+00:00,2022-11-20 12:00:00+00:00,1,stop,14,4,-0.00035121,-0.08803879834565949,-1.0000000000000016,-1.038787404584152
SOLUSDT,2022-11-21 16:00:00+00:00,2022-11-21 20:00:00+00:00,2022-11-26 04:00:00+00:00,1,premium_zerocross,26,4,-0.0008857,-0.3970448590894176,4.100482373146025,4.0790557766695335
ADAUSDT,2022-11-24 20:00:00+00:00,2022-11-25 00:00:00+00:00,2022-11-28 00:00:00+00:00,1,stop,18,4,-0.00011932,-0.07076890782764077,-0.7630429479005192,-0.8127294720444228
ADAUSDT,2022-11-25 00:00:00+00:00,2022-11-25 04:00:00+00:00,2022-11-28 00:00:00+00:00,1,stop,17,5,-0.00028543,-0.08458255380653049,-0.06063318934882901,-0.10771348630578323
ADAUSDT,2022-11-25 04:00:00+00:00,2022-11-25 08:00:00+00:00,2022-11-28 00:00:00+00:00,1,stop,16,5,-0.00031509,-0.0768899702250728,-0.3246674529055511,-0.3733067210419305
ADAUSDT,2022-11-25 08:00:00+00:00,2022-11-25 12:00:00+00:00,2022-11-28 00:00:00+00:00,1,stop,15,5,-3.793e-05,-0.07067672964004927,-0.5493896347711926,-0.5982408741196399
ADAUSDT,2022-11-25 12:00:00+00:00,2022-11-25 16:00:00+00:00,2022-11-28 00:00:00+00:00,1,stop,14,5,-0.00015143,-0.06890151804432829,-0.6042711408307655,-0.6544176846911264
ADAUSDT,2022-11-25 16:00:00+00:00,2022-11-25 20:00:00+00:00,2022-11-28 00:00:00+00:00,1,stop,13,5,-0.00037985,-0.06564696345217295,-0.7140422157538714,-0.7652837954377489
ADAUSDT,2022-11-25 20:00:00+00:00,2022-11-26 00:00:00+00:00,2022-11-28 00:00:00+00:00,1,stop,12,4,-0.00064258,-0.0694932552429019,-0.5218590645366902,-0.5743733206599284
SOLUSDT,2022-11-28 08:00:00+00:00,2022-11-28 12:00:00+00:00,2022-12-03 12:00:00+00:00,1,time,30,4,-0.00508387,-0.17968945874400222,0.2678541855190149,0.23932680162197104
SOLUSDT,2022-11-28 20:00:00+00:00,2022-11-29 00:00:00+00:00,2022-12-03 20:00:00+00:00,1,stop,29,4,-0.00068567,-0.184406703828148,-0.06294001059991662,-0.09142583784858595
SOLUSDT,2022-11-29 00:00:00+00:00,2022-11-29 04:00:00+00:00,2022-12-03 20:00:00+00:00,1,stop,28,4,-0.00057159,-0.16047303677509567,-0.28839817094272663,-0.3172904213542407
SOLUSDT,2022-12-11 20:00:00+00:00,2022-12-12 00:00:00+00:00,2022-12-12 04:00:00+00:00,1,stop,1,4,-0.00068526,-0.06789493391166146,-0.9999999999999977,-1.073216525171598
SOLUSDT,2022-12-12 00:00:00+00:00,2022-12-12 04:00:00+00:00,2022-12-13 04:00:00+00:00,1,stop,6,4,-0.00077599,-0.09381007179983683,-0.1655489327025506,-0.2237420784790409
ADAUSDT,2022-12-15 20:00:00+00:00,2022-12-16 00:00:00+00:00,2022-12-16 08:00:00+00:00,1,stop,2,6,-0.00033028,-0.050267138648010065,-1.0000000000000038,-1.0638687747935427
ADAUSDT,2022-12-16 08:00:00+00:00,2022-12-16 12:00:00+00:00,2022-12-16 20:00:00+00:00,1,stop,2,4,-0.0010394,-0.09053578859764964,-1.0000000000000036,-1.0530688811837137
ADAUSDT,2022-12-24 12:00:00+00:00,2022-12-24 16:00:00+00:00,2022-12-25 04:00:00+00:00,1,premium_zerocross,3,4,-0.0005889,-0.09040672862570866,0.0949273632368391,0.026298676711133978
ADAUSDT,2022-12-24 16:00:00+00:00,2022-12-24 20:00:00+00:00,2022-12-25 04:00:00+00:00,1,premium_zerocross,2,4,-5.462e-05,-0.08899759884821165,0.0,-0.07142240664281616
ADAUSDT,2022-12-24 20:00:00+00:00,2022-12-25 00:00:00+00:00,2022-12-25 04:00:00+00:00,1,premium_zerocross,1,4,-0.00048967,-0.08794075151508884,-0.04066076675357353,-0.11435027434106251
ADAUSDT,2022-12-26 08:00:00+00:00,2022-12-26 12:00:00+00:00,2022-12-27 12:00:00+00:00,1,stop,6,4,-0.00033347,-0.0670689278110537,-0.3152607056355866,-0.3942779960072957
ADAUSDT,2022-12-26 12:00:00+00:00,2022-12-26 16:00:00+00:00,2022-12-27 12:00:00+00:00,1,stop,5,5,-0.00037325,-0.06563695379387952,-0.3619505021872294,-0.4422730402910643
ADAUSDT,2022-12-26 16:00:00+00:00,2022-12-26 20:00:00+00:00,2022-12-27 12:00:00+00:00,1,stop,4,4,-0.0003208,-0.06026705122947652,-0.688932996254772,-0.7699813898787335
ADAUSDT,2022-12-26 20:00:00+00:00,2022-12-27 00:00:00+00:00,2022-12-27 12:00:00+00:00,1,stop,3,5,-0.00038666,-0.05060122661355121,-1.000000000000002,-1.0814417087825936
ADAUSDT,2022-12-27 00:00:00+00:00,2022-12-27 04:00:00+00:00,2022-12-27 12:00:00+00:00,1,stop,2,5,-0.00024022,-0.051399668191714216,-1.0000000000000018,-1.081111975203962
ADAUSDT,2022-12-27 04:00:00+00:00,2022-12-27 08:00:00+00:00,2022-12-27 12:00:00+00:00,1,stop,1,4,-0.00087597,-0.05175939527999946,-1.0000000000000044,-1.0842945379891251
ADAUSDT,2022-12-29 20:00:00+00:00,2022-12-30 00:00:00+00:00,2023-01-01 08:00:00+00:00,1,stop,14,4,-0.00092694,-0.1096480516520613,-0.034586280313735306,-0.09698207733299766
ADAUSDT,2023-02-13 16:00:00+00:00,2023-02-13 20:00:00+00:00,2023-02-16 00:00:00+00:00,1,premium_zerocross,13,4,-6.997e-05,-0.05473005801556968,5.443577080876169,5.397182063683256
DOGEUSDT,2023-02-27 16:00:00+00:00,2023-02-27 20:00:00+00:00,2023-02-28 00:00:00+00:00,1,premium_zerocross,1,4,-0.00027072,-0.05319981096708841,0.8553577044413505,0.7972789163097831
XRPUSDT,2023-03-03 00:00:00+00:00,2023-03-03 04:00:00+00:00,2023-03-04 00:00:00+00:00,1,premium_zerocross,5,4,-0.00064307,-0.053683356041706855,1.185924894082655,1.1324134440831095
SOLUSDT,2023-04-25 12:00:00+00:00,2023-04-25 16:00:00+00:00,2023-04-26 00:00:00+00:00,1,premium_zerocross,2,4,-0.00068034,-0.06431608175074095,1.272692166129321,1.233065850789584
ADAUSDT,2023-06-16 16:00:00+00:00,2023-06-16 20:00:00+00:00,2023-06-19 16:00:00+00:00,1,stop,17,4,-9.78e-05,-0.16522033363565766,-0.6268788943391105,-0.6594808650627253
ADAUSDT,2023-06-16 20:00:00+00:00,2023-06-17 00:00:00+00:00,2023-06-19 00:00:00+00:00,1,stop,12,5,-0.00043466,-0.16775188683160702,-0.5094649334262791,-0.5434662387751872
ADAUSDT,2023-06-17 00:00:00+00:00,2023-06-17 04:00:00+00:00,2023-06-19 00:00:00+00:00,1,stop,11,4,-0.00043975,-0.15681236219954597,-0.3910304898626282,-0.42656047211776293
ADAUSDT,2023-06-17 04:00:00+00:00,2023-06-17 08:00:00+00:00,2023-06-18 20:00:00+00:00,1,stop,9,4,-0.00023209,-0.13237214081402557,-1.000000000000002,-1.0347256999178973
DOGEUSDT,2023-06-17 20:00:00+00:00,2023-06-18 00:00:00+00:00,2023-06-18 20:00:00+00:00,1,stop,5,4,-0.00039449,-0.06157396498157507,-0.24160426996007395,-0.30588649911050364
DOGEUSDT,2023-06-18 00:00:00+00:00,2023-06-18 04:00:00+00:00,2023-06-18 20:00:00+00:00,1,stop,4,4,-0.00044539,-0.06044375418062394,-0.037326860766293504,-0.10058298796926786
ADAUSDT,2023-06-19 00:00:00+00:00,2023-06-19 04:00:00+00:00,2023-06-20 12:00:00+00:00,1,stop,8,4,-0.00042735,-0.13873114876752682,-1.0000000000000018,-1.0435870225300448
ADAUSDT,2023-06-19 04:00:00+00:00,2023-06-19 08:00:00+00:00,2023-06-20 12:00:00+00:00,1,stop,7,5,-0.00027826,-0.14005414239461206,-0.9728885913746268,-1.0182778731953848
ADAUSDT,2023-06-19 08:00:00+00:00,2023-06-19 12:00:00+00:00,2023-06-20 12:00:00+00:00,1,stop,6,5,-0.00097834,-0.13873114876752682,-1.000000000000003,-1.0471390100433857
ADAUSDT,2023-06-19 12:00:00+00:00,2023-06-19 16:00:00+00:00,2023-06-20 12:00:00+00:00,1,stop,5,5,-0.00041167,-0.14369237486909636,-0.7834138659217359,-0.8309994472716089
ADAUSDT,2023-06-19 16:00:00+00:00,2023-06-19 20:00:00+00:00,2023-06-20 12:00:00+00:00,1,stop,4,4,-0.00016257,-0.1360851615133565,-1.000000000000003,-1.0469833143891296
ADAUSDT,2023-06-19 20:00:00+00:00,2023-06-20 00:00:00+00:00,2023-06-20 12:00:00+00:00,1,stop,3,4,-0.00062955,-0.1298009417847017,-0.9999999999999967,-1.0486290828767382
XRPUSDT,2023-08-06 12:00:00+00:00,2023-08-06 16:00:00+00:00,2023-08-07 04:00:00+00:00,1,stop,3,4,-0.00012496,-0.07541485186959904,-1.0000000000000022,-1.052126093036165
XRPUSDT,2023-08-28 00:00:00+00:00,2023-08-28 04:00:00+00:00,2023-08-29 16:00:00+00:00,1,stop,9,4,-0.00053389,-0.0749247032074052,1.347405234036985,1.2782564448931708
ADAUSDT,2023-08-28 04:00:00+00:00,2023-08-28 08:00:00+00:00,2023-08-29 08:00:00+00:00,1,stop,6,4,-0.00049663,-0.05045258127702637,0.41974694493178905,0.33556652699710326
XRPUSDT,2023-08-28 04:00:00+00:00,2023-08-28 08:00:00+00:00,2023-08-29 16:00:00+00:00,1,stop,8,4,-0.00059786,-0.08062185669034648,1.6827578248285697,1.6131528959221182
DOGEUSDT,2023-08-28 08:00:00+00:00,2023-08-28 12:00:00+00:00,2023-08-28 16:00:00+00:00,1,premium_zerocross,1,4,-0.00036796,-0.06272380034593937,0.7186442655904822,0.6314208140885084
XRPUSDT,2023-08-28 08:00:00+00:00,2023-08-28 12:00:00+00:00,2023-08-29 16:00:00+00:00,1,stop,7,4,-0.00030156,-0.08062185669034648,1.7086219639130376,1.638463817906216
ADAUSDT,2023-09-11 04:00:00+00:00,2023-09-11 08:00:00+00:00,2023-09-11 12:00:00+00:00,1,stop,1,4,-0.00016131,-0.054234923864017646,-1.0000000000000009,-1.078069736092913
XRPUSDT,2023-09-11 08:00:00+00:00,2023-09-11 12:00:00+00:00,2023-09-15 12:00:00+00:00,1,stop,24,4,-5.402e-05,-0.09697005983274519,2.0469096136595457,1.986095620776873
ADAUSDT,2023-09-11 08:00:00+00:00,2023-09-11 12:00:00+00:00,2023-09-11 16:00:00+00:00,1,stop,1,5,-0.0010233,-0.06766908687731286,-1.0000000000000016,-1.0681354117773842
XRPUSDT,2023-09-11 12:00:00+00:00,2023-09-11 16:00:00+00:00,2023-09-15 12:00:00+00:00,1,stop,23,4,-0.00059203,-0.09216056931204188,1.8159915466181582,1.7550253685153727
ADAUSDT,2023-09-11 12:00:00+00:00,2023-09-11 16:00:00+00:00,2023-09-11 20:00:00+00:00,1,stop,1,4,-0.00054703,-0.06997208625102068,-0.9999999999999991,-1.0664583559364273
ADAUSDT,2023-09-11 16:00:00+00:00,2023-09-11 20:00:00+00:00,2023-09-13 00:00:00+00:00,1,stop,7,5,-0.00025571,-0.08686074832487746,1.2055182090407104,1.1438848008971216
ADAUSDT,2023-09-11 20:00:00+00:00,2023-09-12 00:00:00+00:00,2023-09-13 00:00:00+00:00,1,stop,6,4,-0.00076979,-0.07150741916682578,0.41564237729130993,0.3544911720585234
XRPUSDT,2023-10-11 12:00:00+00:00,2023-10-11 16:00:00+00:00,2023-10-12 16:00:00+00:00,1,stop,6,4,-0.00039293,-0.0596825767856053,-0.999552845243455,-1.0639765520506292
XRPUSDT,2023-10-11 16:00:00+00:00,2023-10-11 20:00:00+00:00,2023-10-12 08:00:00+00:00,1,stop,3,4,-0.00051029,-0.05539778322497636,-0.9999999999999976,-1.0634307723270129
ADAUSDT,2023-11-06 12:00:00+00:00,2023-11-06 16:00:00+00:00,2023-11-06 20:00:00+00:00,-1,stop,1,4,0.00014763,0.19233608131367044,-0.9999999999999979,-1.0418044281656182
BTCUSDT,2023-11-09 12:00:00+00:00,2023-11-09 16:00:00+00:00,2023-11-09 20:00:00+00:00,-1,stop,1,4,0.00114148,0.10369480889867459,0.6528964781005779,0.5899518923275593
BTCUSDT,2023-11-09 16:00:00+00:00,2023-11-09 20:00:00+00:00,2023-11-10 16:00:00+00:00,-1,stop,5,4,0.00050451,0.08164557695589315,-1.0000000000000004,-1.0528404585454627
SOLUSDT,2023-12-03 00:00:00+00:00,2023-12-03 04:00:00+00:00,2023-12-05 16:00:00+00:00,-1,stop,15,4,0.00115683,0.13805004971763862,0.7793465809754619,0.7384029792624699
SOLUSDT,2023-12-03 04:00:00+00:00,2023-12-03 08:00:00+00:00,2023-12-05 16:00:00+00:00,-1,stop,14,4,0.00065696,0.13501676327186163,0.7824029743424944,0.7401131284935593
DOGEUSDT,2024-01-09 12:00:00+00:00,2024-01-09 16:00:00+00:00,2024-01-09 20:00:00+00:00,1,stop,1,4,-0.00025586,-0.10150498577104555,0.3451458223395945,0.3090126222026255
XRPUSDT,2024-01-23 12:00:00+00:00,2024-01-23 16:00:00+00:00,2024-01-28 16:00:00+00:00,1,time,30,4,-0.00038202,-0.1050251155192404,0.9152763702541327,0.866849436495235
XRPUSDT,2024-01-31 16:00:00+00:00,2024-01-31 20:00:00+00:00,2024-02-01 00:00:00+00:00,1,stop,1,4,-0.00021742,-0.061646217923763784,-0.9999999999999992,-1.0559004041706832
XRPUSDT,2024-01-31 20:00:00+00:00,2024-02-01 00:00:00+00:00,2024-02-01 08:00:00+00:00,1,stop,2,4,-0.0002751,-0.07542932283087665,-0.9999999999999987,-1.0537284167391052
XRPUSDT,2024-02-05 12:00:00+00:00,2024-02-05 16:00:00+00:00,2024-02-06 12:00:00+00:00,1,stop,5,4,-0.00021353,-0.05213046487403525,-0.4458642590626295,-0.5129421688712714
ADAUSDT,2024-02-19 20:00:00+00:00,2024-02-20 00:00:00+00:00,2024-02-20 20:00:00+00:00,-1,stop,5,4,0.00104709,0.13643347678420079,0.5723848606629677,0.5278861379119673
BNBUSDT,2024-07-05 12:00:00+00:00,2024-07-05 16:00:00+00:00,2024-07-07 04:00:00+00:00,1,premium_zerocross,9,4,-0.00018699,-0.14408251901007724,0.6365161285162945,0.6049281613310564
BNBUSDT,2024-07-05 16:00:00+00:00,2024-07-05 20:00:00+00:00,2024-07-07 04:00:00+00:00,1,premium_zerocross,8,4,-6.318e-05,-0.14238865969794043,0.6143031255677875,0.5814527102650997
ADAUSDT,2024-07-25 16:00:00+00:00,2024-07-25 20:00:00+00:00,2024-07-28 12:00:00+00:00,1,stop,16,4,-0.00015706,-0.0709207328294865,1.5743844422762392,1.5338998462946414
ADAUSDT,2024-07-25 20:00:00+00:00,2024-07-26 00:00:00+00:00,2024-07-28 12:00:00+00:00,1,stop,15,4,-0.0004694,-0.05267524851295962,0.9309380210801838,0.8908682413594435
ADAUSDT,2024-08-10 04:00:00+00:00,2024-08-10 08:00:00+00:00,2024-08-11 16:00:00+00:00,1,stop,8,4,-0.0003091,-0.06601580562174354,-0.8683735543224321,-0.903920308926909
ADAUSDT,2024-09-03 04:00:00+00:00,2024-09-03 08:00:00+00:00,2024-09-03 12:00:00+00:00,1,stop,1,4,-0.00062791,-0.056116661920799414,-1.000000000000001,-1.0478524042175295
XRPUSDT,2024-10-06 16:00:00+00:00,2024-10-06 20:00:00+00:00,2024-10-08 12:00:00+00:00,1,stop,10,4,-0.0006606,-0.06872950432096546,-0.6160859755623799,-0.6661566920093839
ADAUSDT,2024-11-07 20:00:00+00:00,2024-11-08 00:00:00+00:00,2024-11-08 04:00:00+00:00,-1,stop,1,4,9e-07,0.17367252850696246,-0.9999999999999997,-1.0419630543766525
ADAUSDT,2024-11-08 00:00:00+00:00,2024-11-08 04:00:00+00:00,2024-11-08 08:00:00+00:00,-1,stop,1,5,0.00033999,0.19799987296841715,-0.9999999999999996,-1.0407474166779804
ADAUSDT,2024-11-08 04:00:00+00:00,2024-11-08 08:00:00+00:00,2024-11-08 12:00:00+00:00,-1,stop,1,4,0.00054242,0.21531283014706534,-0.9999999999999989,-1.0375223281428223
DOGEUSDT,2025-02-18 08:00:00+00:00,2025-02-18 12:00:00+00:00,2025-02-21 16:00:00+00:00,1,stop,19,4,-0.00043124,-0.09524971843847052,-0.5063385612605424,-0.5430319563167234
ETHUSDT,2025-03-31 04:00:00+00:00,2025-03-31 08:00:00+00:00,2025-04-02 20:00:00+00:00,1,stop,15,4,-0.00017395,-0.09842244948573062,0.9144015477049958,0.8662301445202523
ADAUSDT,2025-04-10 08:00:00+00:00,2025-04-10 12:00:00+00:00,2025-04-15 12:00:00+00:00,1,time,30,4,-0.00080877,-0.05762413295182158,0.06743374421287918,0.044910354924668605
ADAUSDT,2025-04-10 12:00:00+00:00,2025-04-10 16:00:00+00:00,2025-04-15 16:00:00+00:00,1,time,30,4,-0.00084987,-0.10456821531807765,0.7091084052808874,0.6886493880885245
ADAUSDT,2025-04-10 16:00:00+00:00,2025-04-10 20:00:00+00:00,2025-04-15 20:00:00+00:00,1,stop,30,4,-0.00070331,-0.09135094940913185,0.2248197166525019,0.20339421036273259
ADAUSDT,2025-06-20 16:00:00+00:00,2025-06-20 20:00:00+00:00,2025-06-21 20:00:00+00:00,1,stop,6,4,-0.00068348,-0.12093375401225948,-1.0000000000000004,-1.0407418303186489
ADAUSDT,2025-06-20 20:00:00+00:00,2025-06-21 00:00:00+00:00,2025-06-21 20:00:00+00:00,1,stop,5,4,-0.00028642,-0.12154263106575758,-1.0000000000000007,-1.0409145544153935
ADAUSDT,2025-06-21 00:00:00+00:00,2025-06-21 04:00:00+00:00,2025-06-21 16:00:00+00:00,1,stop,3,4,-0.0004207,-0.10001283358884494,-0.9999999999999974,-1.0423116757281246
BTCUSDT,2025-07-14 08:00:00+00:00,2025-07-14 12:00:00+00:00,2025-07-14 16:00:00+00:00,-1,premium_zerocross,1,4,7.61e-06,0.09479622290285583,0.8543178855588658,0.760854409724161
ADAUSDT,2025-09-24 20:00:00+00:00,2025-09-25 00:00:00+00:00,2025-09-25 04:00:00+00:00,1,stop,1,4,-0.0001785,-0.06406620221002887,-0.9999999999999992,-1.0487642041493148
ADAUSDT,2025-09-25 00:00:00+00:00,2025-09-25 04:00:00+00:00,2025-09-25 12:00:00+00:00,1,stop,2,5,-0.00032386,-0.07269375106900365,-0.9999999999999996,-1.0470152731343663
ADAUSDT,2025-09-25 04:00:00+00:00,2025-09-25 08:00:00+00:00,2025-09-25 16:00:00+00:00,1,stop,2,5,-0.00020322,-0.0840532526184084,-0.9999999999999981,-1.0463844814758887
ADAUSDT,2025-09-25 08:00:00+00:00,2025-09-25 12:00:00+00:00,2025-09-25 16:00:00+00:00,1,stop,1,4,-0.00013095,-0.09471727448111483,-0.7747992882772015,-0.8211249760483753
SOLUSDT,2025-11-29 16:00:00+00:00,2025-11-29 20:00:00+00:00,2025-11-30 20:00:00+00:00,1,stop,6,4,-0.00030235,-0.05709926200146475,-0.37806345859615814,-0.4281958821259909
SOLUSDT,2025-11-29 20:00:00+00:00,2025-11-30 00:00:00+00:00,2025-11-30 20:00:00+00:00,1,stop,5,4,-0.00048513,-0.055639340487200206,-0.38883150149043266,-0.441138044916371
ADAUSDT,2026-01-31 04:00:00+00:00,2026-01-31 08:00:00+00:00,2026-01-31 12:00:00+00:00,1,stop,1,4,-8.639e-05,-0.1373379328118273,-0.9999999999999979,-1.0350476491985838
ADAUSDT,2026-01-31 08:00:00+00:00,2026-01-31 12:00:00+00:00,2026-01-31 16:00:00+00:00,1,stop,1,4,-0.0004803,-0.14314059245659078,-1.0000000000000002,-1.035584561619542
ADAUSDT,2026-01-31 12:00:00+00:00,2026-01-31 16:00:00+00:00,2026-01-31 20:00:00+00:00,1,stop,1,5,-0.00042942,-0.18210130721428852,-1.0000000000000004,-1.0316606823840568
ADAUSDT,2026-01-31 16:00:00+00:00,2026-01-31 20:00:00+00:00,2026-02-04 16:00:00+00:00,1,stop,23,5,-0.00124894,-0.21249619106781162,-0.27110437126069586,-0.2971761981886849
ADAUSDT,2026-01-31 20:00:00+00:00,2026-02-01 00:00:00+00:00,2026-02-02 00:00:00+00:00,1,stop,6,4,-0.00101604,-0.18928555248875759,-0.9999999999999992,-1.026303682809897
ADAUSDT,2026-02-08 16:00:00+00:00,2026-02-08 20:00:00+00:00,2026-02-09 08:00:00+00:00,1,stop,3,4,-0.00031745,-0.13229078268374145,-0.9999999999999998,-1.0295312017856875
ADAUSDT,2026-02-08 20:00:00+00:00,2026-02-09 00:00:00+00:00,2026-02-11 04:00:00+00:00,1,stop,13,5,-0.00046119,-0.14652589561820434,-0.9999999999999986,-1.0292022201782878
ADAUSDT,2026-02-09 00:00:00+00:00,2026-02-09 04:00:00+00:00,2026-02-09 08:00:00+00:00,1,stop,1,4,-0.00047956,-0.1232187933454056,-1.0000000000000016,-1.030367166576643
ADAUSDT,2026-03-29 12:00:00+00:00,2026-03-29 16:00:00+00:00,2026-03-29 20:00:00+00:00,1,stop,1,4,-0.00076077,-0.08103379733237184,-0.9999999999999988,-1.0551077587748878
ADAUSDT,2026-03-29 16:00:00+00:00,2026-03-29 20:00:00+00:00,2026-03-30 16:00:00+00:00,1,stop,5,4,-0.00067552,-0.08674876127930983,0.622030536719638,0.5658411468331972
SOLUSDT,2026-05-18 12:00:00+00:00,2026-05-18 16:00:00+00:00,2026-05-22 16:00:00+00:00,1,stop,24,5,-0.00037084,-0.05290985960807034,0.35834161156313715,0.29911575854075717
ADAUSDT,2026-06-01 16:00:00+00:00,2026-06-01 20:00:00+00:00,2026-06-02 00:00:00+00:00,1,stop,1,4,-0.00012396,-0.05612477288791557,-1.0000000000000002,-1.0545701347740168
ADAUSDT,2026-06-01 20:00:00+00:00,2026-06-02 00:00:00+00:00,2026-06-02 04:00:00+00:00,1,stop,1,4,-0.00061359,-0.05775706900051757,-1.0000000000000018,-1.0550922249971824
ADAUSDT,2026-06-02 00:00:00+00:00,2026-06-02 04:00:00+00:00,2026-06-02 12:00:00+00:00,1,stop,2,5,-0.00046864,-0.06485536477626275,-0.999999999999998,-1.0520416393851606
ADAUSDT,2026-06-02 04:00:00+00:00,2026-06-02 08:00:00+00:00,2026-06-02 12:00:00+00:00,1,stop,1,5,-0.00049892,-0.08126860979993521,-0.9999999999999989,-1.049789118206849
ADAUSDT,2026-06-02 08:00:00+00:00,2026-06-02 12:00:00+00:00,2026-06-02 16:00:00+00:00,1,stop,1,5,-0.00050368,-0.08537192105585333,-0.9999999999999996,-1.0513810486476467
ADAUSDT,2026-06-02 12:00:00+00:00,2026-06-02 16:00:00+00:00,2026-06-03 00:00:00+00:00,1,stop,2,4,-0.00035735,-0.11655708660083094,-0.9716949720033059,-1.0168669067120168
ADAUSDT,2026-06-16 08:00:00+00:00,2026-06-16 12:00:00+00:00,2026-06-16 16:00:00+00:00,1,stop,1,4,-0.00073364,-0.0625037148080537,-1.0000000000000004,-1.0355152573736688
ADAUSDT,2026-06-16 12:00:00+00:00,2026-06-16 16:00:00+00:00,2026-06-17 16:00:00+00:00,1,stop,6,4,-0.00083746,-0.08717466968152601,-1.000000000000001,-1.0328505803848054
ADAUSDT,2026-06-19 20:00:00+00:00,2026-06-20 00:00:00+00:00,2026-06-21 20:00:00+00:00,1,stop,11,4,-0.00078463,-0.12236908072917323,-1.0000000000000002,-1.0408991543808148
ADAUSDT,2026-06-20 00:00:00+00:00,2026-06-20 04:00:00+00:00,2026-06-21 20:00:00+00:00,1,stop,10,4,-0.00088121,-0.1092780197638046,-0.9999999999999989,-1.0420564123063631
ADAUSDT,2026-06-21 16:00:00+00:00,2026-06-21 20:00:00+00:00,2026-06-22 00:00:00+00:00,1,stop,1,4,-0.00024708,-0.10301304378569061,-0.9999999999999978,-1.051748458712538
ADAUSDT,2026-06-21 20:00:00+00:00,2026-06-22 00:00:00+00:00,2026-06-23 04:00:00+00:00,1,stop,7,5,-0.00079707,-0.13348511456505244,-0.16107766350728586,-0.20789703985964256
ADAUSDT,2026-06-22 00:00:00+00:00,2026-06-22 04:00:00+00:00,2026-06-23 04:00:00+00:00,1,stop,6,5,-0.00057858,-0.11334863028357196,-0.5504940304219909,-0.5947745638476097
ADAUSDT,2026-06-22 04:00:00+00:00,2026-06-22 08:00:00+00:00,2026-06-23 04:00:00+00:00,1,stop,5,5,-0.00035538,-0.09258527542312392,-0.9999999999999978,-1.0445752136876578
ADAUSDT,2026-06-22 08:00:00+00:00,2026-06-22 12:00:00+00:00,2026-06-23 04:00:00+00:00,1,stop,4,4,-0.00018258,-0.09258527542312392,-0.9999999999999997,-1.0453136146650899
ADAUSDT,2026-06-22 12:00:00+00:00,2026-06-22 16:00:00+00:00,2026-06-23 04:00:00+00:00,1,stop,3,4,-0.00056473,-0.10605339749476594,-1.0000000000000027,-1.043851417370713
ADAUSDT,2026-06-26 04:00:00+00:00,2026-06-26 08:00:00+00:00,2026-06-30 20:00:00+00:00,1,data_end,28,5,-0.00018737,-0.13151723672514215,-0.37461052530957917,-0.4066459687323032
ADAUSDT,2026-06-26 08:00:00+00:00,2026-06-26 12:00:00+00:00,2026-06-30 20:00:00+00:00,1,data_end,27,6,-0.00011112,-0.1516594017669875,0.14086632588276807,0.10946565666209981
ADAUSDT,2026-06-26 12:00:00+00:00,2026-06-26 16:00:00+00:00,2026-06-28 20:00:00+00:00,1,stop,13,5,-0.00070686,-0.12381582067973076,-1.0000000000000013,-1.031145361159402
ADAUSDT,2026-06-26 16:00:00+00:00,2026-06-26 20:00:00+00:00,2026-06-30 20:00:00+00:00,1,data_end,25,4,-1.15e-06,-0.12618548715524203,-0.5055545929908983,-0.5371900546432076
ADAUSDT,2026-06-28 00:00:00+00:00,2026-06-28 04:00:00+00:00,2026-06-30 20:00:00+00:00,1,data_end,17,4,-0.00029662,-0.11829667878839599,-0.21422866840812593,-0.2538453917968353
ADAUSDT,2026-06-28 04:00:00+00:00,2026-06-28 08:00:00+00:00,2026-06-30 20:00:00+00:00,1,data_end,16,5,-0.00023109,-0.1189034945634901,-0.17971475823007152,-0.22027837599324512
ADAUSDT,2026-06-28 08:00:00+00:00,2026-06-28 12:00:00+00:00,2026-06-30 20:00:00+00:00,1,data_end,15,4,-0.00060189,-0.1189034945634901,-0.22493846795950445,-0.26653572537070597
ADAUSDT,2026-06-28 12:00:00+00:00,2026-06-28 16:00:00+00:00,2026-06-30 20:00:00+00:00,1,data_end,14,4,-5.877e-05,-0.12315120498914825,-0.06368176949793605,-0.10662450939604501
ADAUSDT,2026-06-28 16:00:00+00:00,2026-06-28 20:00:00+00:00,2026-06-30 20:00:00+00:00,1,data_end,13,4,-0.0006942,-0.13346707316574638,0.32366441462129836,0.28055663011926973
ADAUSDT,2026-06-28 20:00:00+00:00,2026-06-29 00:00:00+00:00,2026-06-30 20:00:00+00:00,1,data_end,12,4,-0.00039346,-0.12800573118990033,0.10791213788943105,0.06449261008823962
