symbol,mode,signal_time,entry_time,entry_price,raw_direction,trade_dir,atr_entry,risk_distance,exit_time,exit_price,exit_reason,hold_bars,gross_R,net_R
BTCUSDT,fade,2022-02-27 16:00:00+00:00,2022-02-27 20:00:00+00:00,37574.7,1,1,1089.2192314319852,1960.5946165775736,2022-02-28 12:00:00+00:00,39208.52884714797,tp_fixed,4,0.833333333333332,0.8065024017602224
BTCUSDT,fade,2022-02-28 12:00:00+00:00,2022-02-28 16:00:00+00:00,40792.8,-1,-1,1200.6402062683633,2161.152371283054,2022-02-28 20:00:00+00:00,42953.952371283056,sl,1,-0.9999999999999996,-1.0264256795397049
BTCUSDT,fade,2022-05-05 12:00:00+00:00,2022-05-05 16:00:00+00:00,36886.5,1,1,810.6175341050543,1459.111561389098,2022-05-06 12:00:00+00:00,35427.3884386109,sl,5,-1.0000000000000024,-1.0353921532571781
BTCUSDT,fade,2022-05-09 16:00:00+00:00,2022-05-09 20:00:00+00:00,30930.2,1,1,900.936822824052,1621.6862810832936,2022-05-10 04:00:00+00:00,32281.605234236078,tp_fixed,2,0.8333333333333329,0.8066313253647671
BTCUSDT,fade,2022-09-13 12:00:00+00:00,2022-09-13 16:00:00+00:00,20823.9,1,1,536.6285587548471,965.9314057587247,2022-09-13 20:00:00+00:00,19857.968594241276,sl,1,-1.0000000000000007,-1.030181708376177
BTCUSDT,fade,2022-11-08 16:00:00+00:00,2022-11-08 20:00:00+00:00,18238.0,1,1,575.5653445487583,1036.017620187765,2022-11-09 00:00:00+00:00,18533.9,dev_revert,1,0.2856129029411424,0.26096737616393134
BTCUSDT,fade,2023-01-14 00:00:00+00:00,2023-01-14 04:00:00+00:00,20996.2,-1,-1,392.67394290955804,706.8130972372045,2023-01-14 08:00:00+00:00,20407.189085635662,tp_fixed,1,0.8333333333333354,0.7917457055504065
BTCUSDT,fade,2023-03-13 12:00:00+00:00,2023-03-13 16:00:00+00:00,24009.0,-1,-1,635.4130500730856,1143.7434901315542,2023-03-14 12:00:00+00:00,25152.743490131554,sl,5,-0.9999999999999996,-1.0293882328424298
BTCUSDT,fade,2023-03-14 12:00:00+00:00,2023-03-14 16:00:00+00:00,25911.3,-1,-1,731.5809340589143,1316.8456813060457,2023-03-14 20:00:00+00:00,24813.92859891163,tp_fixed,1,0.8333333333333326,0.8057858230100108
BTCUSDT,fade,2023-04-26 16:00:00+00:00,2023-04-26 20:00:00+00:00,27871.9,1,1,590.724087833534,1063.3033581003613,2023-04-27 00:00:00+00:00,28757.986131750302,tp_fixed,1,0.8333333333333327,0.7966357533786224
BTCUSDT,fade,2023-06-06 16:00:00+00:00,2023-06-06 20:00:00+00:00,27073.3,-1,-1,383.63024174535144,690.5344351416326,2023-06-07 08:00:00+00:00,26497.854637381974,tp_fixed,3,0.8333333333333313,0.7784445137884726
BTCUSDT,fade,2023-06-10 04:00:00+00:00,2023-06-10 08:00:00+00:00,25637.3,1,1,352.8220751429258,635.0797352572665,2023-06-11 20:00:00+00:00,26166.533112714387,tp_fixed,9,0.833333333333332,0.7768172488050479
BTCUSDT,fade,2023-08-17 20:00:00+00:00,2023-08-18 00:00:00+00:00,26609.7,1,1,463.7098803818183,834.677784687273,2023-08-18 16:00:00+00:00,25775.02221531273,sl,4,-0.9999999999999988,-1.044632288870557
BTCUSDT,fade,2023-08-23 16:00:00+00:00,2023-08-23 20:00:00+00:00,26615.2,-1,-1,307.00719689819755,552.6129544167557,2023-08-24 12:00:00+00:00,26154.689204652703,tp_fixed,4,0.8333333333333363,0.7659058875918106
BTCUSDT,fade,2023-10-23 20:00:00+00:00,2023-10-24 00:00:00+00:00,33074.0,-1,-1,768.9074687585124,1384.0334437653223,2023-10-24 04:00:00+00:00,34458.03344376532,sl,1,-0.9999999999999997,-1.0334555499425133
BTCUSDT,fade,2024-03-05 16:00:00+00:00,2024-03-05 20:00:00+00:00,61497.3,1,1,1978.262514874089,3560.8725267733603,2024-03-06 00:00:00+00:00,63747.5,dev_revert,1,0.6319237723567115,0.607745366824735
BTCUSDT,fade,2024-03-06 04:00:00+00:00,2024-03-06 08:00:00+00:00,66759.3,-1,-1,2122.83868264518,3821.1096287613245,2024-03-06 16:00:00+00:00,66541.3,dev_revert,2,0.057051490582506074,0.03259183642955847
BTCUSDT,fade,2024-08-05 00:00:00+00:00,2024-08-05 04:00:00+00:00,53864.0,1,1,1676.9492210890844,3018.508597960352,2024-08-05 08:00:00+00:00,52645.6,dev_revert,1,-0.40364304439062765,-0.42862544796932056
BTCUSDT,fade,2024-11-06 00:00:00+00:00,2024-11-06 04:00:00+00:00,74367.1,-1,-1,1411.5731839832956,2540.831731169932,2024-11-08 16:00:00+00:00,76907.93173116994,sl,15,-1.0000000000000013,-1.0409763223289343
BTCUSDT,fade,2024-11-10 04:00:00+00:00,2024-11-10 08:00:00+00:00,78858.2,-1,-1,1092.103497423098,1965.7862953615763,2024-11-10 16:00:00+00:00,80823.98629536157,sl,2,-0.9999999999999966,-1.0561614862513256
BTCUSDT,fade,2024-12-20 08:00:00+00:00,2024-12-20 12:00:00+00:00,92715.1,1,1,2269.1977279054977,4084.5559102298957,2024-12-20 16:00:00+00:00,96118.89659185825,tp_fixed,1,0.8333333333333338,0.8015548137457065
BTCUSDT,fade,2024-12-24 12:00:00+00:00,2024-12-24 16:00:00+00:00,98243.5,-1,-1,1987.9652466822458,3578.3374440280427,2024-12-24 20:00:00+00:00,97558.4,dev_revert,1,0.19145762821876472,0.15302053217866243
BTCUSDT,fade,2025-03-02 16:00:00+00:00,2025-03-02 20:00:00+00:00,93467.2,-1,-1,2229.381041690758,4012.8858750433646,2025-03-03 12:00:00+00:00,90123.12843746386,tp_fixed,4,0.8333333333333325,0.800724860509872
BTCUSDT,fade,2025-03-03 16:00:00+00:00,2025-03-03 20:00:00+00:00,85552.0,1,1,2528.2836153731555,4550.91050767168,2025-03-05 08:00:00+00:00,89344.42542305973,tp_fixed,9,0.8333333333333325,0.8070149076472871
BTCUSDT,fade,2025-04-09 16:00:00+00:00,2025-04-09 20:00:00+00:00,82291.4,-1,-1,2265.738609124222,4078.3294964235997,2025-04-10 12:00:00+00:00,78892.79208631367,tp_fixed,4,0.8333333333333317,0.805084522122509
BTCUSDT,fade,2025-10-17 04:00:00+00:00,2025-10-17 08:00:00+00:00,105578.3,1,1,1940.9808375380767,3493.765507568538,2025-10-17 16:00:00+00:00,106750.0,dev_revert,2,0.33536881552632697,0.29306213533276493
BTCUSDT,fade,2026-01-31 16:00:00+00:00,2026-01-31 20:00:00+00:00,77707.9,1,1,1788.9870379150225,3220.1766682470407,2026-02-02 08:00:00+00:00,76612.6,dev_revert,9,-0.34013661759627434,-0.3739208074740373
BTCUSDT,fade,2026-02-03 16:00:00+00:00,2026-02-03 20:00:00+00:00,74893.9,1,1,1870.8130617668717,3367.463511180369,2026-02-05 00:00:00+00:00,71526.43648881963,sl,7,-0.9999999999999989,-1.0311366284005385
ETHUSDT,fade,2022-02-27 16:00:00+00:00,2022-02-27 20:00:00+00:00,2605.85,1,1,107.53968221486767,193.57142798676182,2022-02-28 12:00:00+00:00,2767.1595233223015,tp_fixed,4,0.8333333333333339,0.8144865952690288
ETHUSDT,fade,2022-02-28 12:00:00+00:00,2022-02-28 16:00:00+00:00,2814.22,-1,-1,109.59272092469817,197.2668976644567,2022-03-01 12:00:00+00:00,3011.4868976644566,sl,5,-1.0000000000000004,-1.0199724740777427
ETHUSDT,fade,2022-04-25 16:00:00+00:00,2022-04-25 20:00:00+00:00,3011.19,-1,-1,59.570862260438865,107.22755206878996,2022-04-26 12:00:00+00:00,2921.833706609342,tp_fixed,4,0.833333333333333,0.7940181953984904
ETHUSDT,fade,2022-04-26 12:00:00+00:00,2022-04-26 16:00:00+00:00,2858.25,1,1,62.50395060701106,112.50711109261992,2022-04-28 16:00:00+00:00,2952.0059259105165,tp_fixed,12,0.833333333333332,0.7977662481852139
ETHUSDT,fade,2022-05-05 12:00:00+00:00,2022-05-05 16:00:00+00:00,2740.65,1,1,62.76424505334899,112.97564109602818,2022-05-07 20:00:00+00:00,2627.674358903972,sl,13,-0.9999999999999991,-1.0339622768481442
ETHUSDT,fade,2022-09-13 12:00:00+00:00,2022-09-13 16:00:00+00:00,1592.35,1,1,50.962586504157755,91.73265570748396,2022-09-15 12:00:00+00:00,1500.617344292516,sl,11,-0.9999999999999993,-1.0243020327145949
ETHUSDT,fade,2022-09-15 12:00:00+00:00,2022-09-15 16:00:00+00:00,1491.78,1,1,60.80282520734673,109.44508537322412,2022-09-18 16:00:00+00:00,1382.3349146267758,sl,18,-1.0000000000000004,-1.019082556269
ETHUSDT,fade,2022-11-08 16:00:00+00:00,2022-11-08 20:00:00+00:00,1312.76,1,1,65.61498390334086,118.10697102601354,2022-11-09 00:00:00+00:00,1333.4,dev_revert,1,0.1747568312073134,0.15919581915159653
ETHUSDT,fade,2022-11-10 12:00:00+00:00,2022-11-10 16:00:00+00:00,1321.24,-1,-1,79.5391258479807,143.17042652636528,2022-11-11 12:00:00+00:00,1201.931311228029,tp_fixed,5,0.8333333333333328,0.8204135143114948
ETHUSDT,fade,2023-03-12 20:00:00+00:00,2023-03-13 00:00:00+00:00,1579.26,-1,-1,37.05743025275156,66.70337445495281,2023-03-13 12:00:00+00:00,1645.9633744549528,sl,3,-1.0000000000000004,-1.0331462091395867
ETHUSDT,fade,2023-03-13 12:00:00+00:00,2023-03-13 16:00:00+00:00,1666.31,-1,-1,44.30132563121712,79.74238613619082,2023-03-14 12:00:00+00:00,1746.0523861361908,sl,5,-1.0,-1.0292546299782876
ETHUSDT,fade,2023-03-14 12:00:00+00:00,2023-03-14 16:00:00+00:00,1770.29,-1,-1,45.03323537316104,81.05982367168987,2023-03-14 20:00:00+00:00,1702.7401469402585,tp_fixed,1,0.8333333333333327,0.8027583100019461
ETHUSDT,fade,2023-06-10 04:00:00+00:00,2023-06-10 08:00:00+00:00,1731.4,1,1,25.830766977585043,46.49538055965308,2023-06-10 16:00:00+00:00,1770.1461504663775,tp_fixed,2,0.833333333333331,0.7811999822170823
ETHUSDT,fade,2023-06-14 20:00:00+00:00,2023-06-15 00:00:00+00:00,1650.19,1,1,26.745963749556818,48.142734749202276,2023-06-16 16:00:00+00:00,1690.3089456243354,tp_fixed,10,0.833333333333335,0.7853454902655235
ETHUSDT,fade,2023-06-16 16:00:00+00:00,2023-06-16 20:00:00+00:00,1721.51,-1,-1,26.23603001335595,47.22485402404071,2023-06-17 04:00:00+00:00,1768.7348540240407,sl,2,-1.0000000000000002,-1.0510348639462834
ETHUSDT,fade,2023-10-24 12:00:00+00:00,2023-10-24 16:00:00+00:00,1777.66,1,1,38.25214820076608,68.85386676137894,2023-10-25 16:00:00+00:00,1806.35,dev_revert,6,0.4166795758824751,0.38053456156359944
ETHUSDT,fade,2024-01-09 20:00:00+00:00,2024-01-10 00:00:00+00:00,2344.33,-1,-1,48.474118110724525,87.25341259930414,2024-01-10 08:00:00+00:00,2431.583412599304,sl,2,-1.0000000000000016,-1.0376152852046305
ETHUSDT,fade,2024-01-10 20:00:00+00:00,2024-01-11 00:00:00+00:00,2585.81,-1,-1,70.24602812496123,126.44285062493022,2024-01-12 12:00:00+00:00,2712.25285062493,sl,9,-0.999999999999999,-1.0286305946291763
ETHUSDT,fade,2024-03-05 16:00:00+00:00,2024-03-05 20:00:00+00:00,3377.53,1,1,112.85743018499019,203.14337433298235,2024-03-06 00:00:00+00:00,3546.8161452774857,tp_fixed,1,0.8333333333333344,0.8100564629184066
ETHUSDT,fade,2024-03-06 04:00:00+00:00,2024-03-06 08:00:00+00:00,3789.85,-1,-1,130.5561640365975,235.0010952658755,2024-03-08 00:00:00+00:00,3871.69,dev_revert,10,-0.34825369604089723,-0.3708314205999983
ETHUSDT,fade,2024-03-11 04:00:00+00:00,2024-03-11 08:00:00+00:00,4013.37,-1,-1,90.37181875720572,162.6692737629703,2024-03-11 12:00:00+00:00,4038.52,dev_revert,1,-0.1546081777966675,-0.18914892338447398
ETHUSDT,fade,2024-05-20 20:00:00+00:00,2024-05-21 00:00:00+00:00,3664.39,-1,-1,79.04285522713353,142.27713940884036,2024-05-21 08:00:00+00:00,3806.6671394088403,sl,2,-1.0000000000000004,-1.0360574159792342
ETHUSDT,fade,2024-07-08 08:00:00+00:00,2024-07-08 12:00:00+00:00,3052.85,-1,-1,73.12623460899107,131.62722229618393,2024-07-08 16:00:00+00:00,2968.22,dev_revert,1,0.6429521076542056,0.6104816967054523
ETHUSDT,fade,2024-08-05 00:00:00+00:00,2024-08-05 04:00:00+00:00,2311.64,1,1,115.0410264582799,207.07384762490383,2024-08-05 16:00:00+00:00,2448.96,dev_revert,3,0.6631450643093441,0.6475163596847877
ETHUSDT,fade,2024-11-06 00:00:00+00:00,2024-11-06 04:00:00+00:00,2579.04,-1,-1,55.38271203464873,99.68888166236772,2024-11-06 16:00:00+00:00,2678.7288816623677,sl,3,-1.0000000000000002,-1.0362192447120513
ETHUSDT,fade,2024-11-07 00:00:00+00:00,2024-11-07 04:00:00+00:00,2854.18,-1,-1,68.0908384239415,122.56350916309471,2024-11-08 16:00:00+00:00,2976.7435091630946,sl,9,-1.0000000000000004,-1.032602297594815
ETHUSDT,fade,2024-12-20 08:00:00+00:00,2024-12-20 12:00:00+00:00,3103.99,1,1,115.95158646232098,208.71285563217776,2024-12-20 16:00:00+00:00,3277.917379693481,tp_fixed,1,0.8333333333333324,0.8125124500828134
ETHUSDT,fade,2025-02-03 00:00:00+00:00,2025-02-03 04:00:00+00:00,2525.36,1,1,142.09063034734143,255.76313462521458,2025-02-03 16:00:00+00:00,2738.4959455210123,tp_fixed,3,0.8333333333333336,0.8195099807020766
ETHUSDT,fade,2025-04-09 16:00:00+00:00,2025-04-09 20:00:00+00:00,1639.73,-1,-1,73.22285070440886,131.80113126793594,2025-04-10 12:00:00+00:00,1529.8957239433867,tp_fixed,4,0.8333333333333339,0.8159160169725717
ETHUSDT,fade,2025-08-15 12:00:00+00:00,2025-08-15 16:00:00+00:00,4428.72,1,1,116.92965199034877,210.4733735826278,2025-08-18 20:00:00+00:00,4311.73,time,19,-0.5558422807057476,-0.5853006767701121
ETHUSDT,fade,2025-08-22 12:00:00+00:00,2025-08-22 16:00:00+00:00,4613.93,-1,-1,115.54513544809456,207.9812438065702,2025-08-22 20:00:00+00:00,4832.06,dev_revert,1,-1.048796497259477,-1.0798545959696066
ETHUSDT,fade,2025-08-25 16:00:00+00:00,2025-08-25 20:00:00+00:00,4418.77,1,1,117.84016254572208,212.11229258229974,2025-08-26 00:00:00+00:00,4374.25,dev_revert,1,-0.20988882566872752,-0.2390539340398028
ETHUSDT,fade,2025-10-10 12:00:00+00:00,2025-10-10 16:00:00+00:00,4100.49,1,1,93.91179814803033,169.0412366664546,2025-10-10 20:00:00+00:00,3931.4487633335452,sl,1,-0.9999999999999997,-1.0339602697732697
ETHUSDT,fade,2025-10-12 12:00:00+00:00,2025-10-12 16:00:00+00:00,4032.37,-1,-1,131.47811008696155,236.6605981565308,2025-10-13 16:00:00+00:00,4269.030598156531,sl,6,-1.0,-1.0238540679943102
ETHUSDT,fade,2025-10-17 04:00:00+00:00,2025-10-17 08:00:00+00:00,3754.78,1,1,116.72754850769813,210.10958731385665,2025-10-17 20:00:00+00:00,3826.15,dev_revert,3,0.33967988282890255,0.3146610720873076
ETHUSDT,fade,2026-01-31 16:00:00+00:00,2026-01-31 20:00:00+00:00,2381.57,1,1,91.14269678478455,164.0568542126122,2026-02-02 00:00:00+00:00,2217.513145787388,sl,7,-0.9999999999999991,-1.020323430045043
ETHUSDT,fade,2026-04-12 00:00:00+00:00,2026-04-12 04:00:00+00:00,2212.71,1,1,41.63679439266022,74.9462299067884,2026-04-13 20:00:00+00:00,2275.16519158899,tp_fixed,10,0.8333333333333308,0.7919997798797046
ETHUSDT,fade,2026-04-13 20:00:00+00:00,2026-04-14 00:00:00+00:00,2368.8,-1,-1,45.97817465035288,82.76071437063518,2026-04-16 12:00:00+00:00,2299.832738024471,tp_fixed,15,0.8333333333333325,0.7932621470800553
ETHUSDT,fade,2026-06-07 20:00:00+00:00,2026-06-08 00:00:00+00:00,1689.66,-1,-1,51.358410419117305,92.44513875441115,2026-06-10 08:00:00+00:00,1639.32,dev_revert,14,0.5445391794341171,0.5189507706559744
BNBUSDT,fade,2022-04-30 20:00:00+00:00,2022-05-01 00:00:00+00:00,376.52,1,1,7.209779639285255,12.97760335071346,2022-05-01 12:00:00+00:00,387.33466945892786,tp_fixed,3,0.8333333333333331,0.7927150476796095
BNBUSDT,fade,2022-05-05 12:00:00+00:00,2022-05-05 16:00:00+00:00,380.84,1,1,8.170669426484743,14.707204967672537,2022-05-07 20:00:00+00:00,366.13279503232746,sl,13,-0.9999999999999982,-1.0362527075111778
BNBUSDT,fade,2022-05-09 16:00:00+00:00,2022-05-09 20:00:00+00:00,305.52,1,1,10.47966706920627,18.863400724571285,2022-05-10 04:00:00+00:00,321.2395006038094,tp_fixed,2,0.8333333333333343,0.810658312734167
BNBUSDT,fade,2022-05-13 00:00:00+00:00,2022-05-13 04:00:00+00:00,307.06,-1,-1,20.653375097338355,37.17607517520904,2022-05-14 08:00:00+00:00,276.0799373539925,tp_fixed,7,0.833333333333333,0.8217698749000806
BNBUSDT,fade,2022-10-31 08:00:00+00:00,2022-10-31 12:00:00+00:00,330.69,-1,-1,7.1464519492742795,12.863613508693703,2022-10-31 16:00:00+00:00,323.59,dev_revert,1,0.5519444435423672,0.51595408984532
BNBUSDT,fade,2022-11-03 04:00:00+00:00,2022-11-03 08:00:00+00:00,333.67,-1,-1,7.793269463691819,14.027885034645275,2022-11-04 08:00:00+00:00,347.6978850346453,sl,6,-1.0000000000000013,-1.0333006721145994
BNBUSDT,fade,2022-11-10 12:00:00+00:00,2022-11-10 16:00:00+00:00,307.41,-1,-1,19.56091207571529,35.20964173628752,2022-11-12 04:00:00+00:00,278.0686318864271,tp_fixed,9,0.8333333333333327,0.8211101473315152
BNBUSDT,fade,2023-06-05 12:00:00+00:00,2023-06-05 16:00:00+00:00,275.75,1,1,3.7286165621538716,6.711509811876969,2023-06-06 16:00:00+00:00,281.34292484323083,tp_fixed,6,0.8333333333333371,0.7758127439546507
BNBUSDT,fade,2023-06-07 12:00:00+00:00,2023-06-07 16:00:00+00:00,258.91,1,1,6.155515319677053,11.079927575418695,2023-06-10 04:00:00+00:00,247.83007242458132,sl,15,-1.000000000000001,-1.0327144737664329
BNBUSDT,fade,2023-06-10 04:00:00+00:00,2023-06-10 08:00:00+00:00,234.81,1,1,7.062734109045116,12.712921396281208,2023-06-10 12:00:00+00:00,238.75,dev_revert,1,0.3099208967934411,0.2840626389034677
BNBUSDT,fade,2023-10-23 20:00:00+00:00,2023-10-24 00:00:00+00:00,228.81,-1,-1,3.0073049329722257,5.413148879350007,2023-10-24 12:00:00+00:00,224.29904260054167,tp_fixed,3,0.8333333333333325,0.7741563169349834
BNBUSDT,fade,2023-10-24 12:00:00+00:00,2023-10-24 16:00:00+00:00,224.02,1,1,4.396989957065279,7.9145819227175025,2023-10-27 12:00:00+00:00,230.61548493559792,tp_fixed,17,0.8333333333333321,0.7937067297979284
BNBUSDT,fade,2023-11-21 16:00:00+00:00,2023-11-21 20:00:00+00:00,240.38,1,1,9.300831208806898,16.741496175852415,2023-11-22 04:00:00+00:00,234.37,dev_revert,2,-0.3589882252381176,-0.3790898933605526
BNBUSDT,fade,2024-03-05 16:00:00+00:00,2024-03-05 20:00:00+00:00,376.7,1,1,11.158284379728926,20.084911883512067,2024-03-06 00:00:00+00:00,394.19,dev_revert,1,0.8708029241770161,0.8445454029561771
BNBUSDT,fade,2024-03-06 04:00:00+00:00,2024-03-06 08:00:00+00:00,410.92,-1,-1,12.681589206364599,22.82686057145628,2024-03-06 12:00:00+00:00,426.45,dev_revert,1,-0.6803388469205167,-0.7055410861070724
BNBUSDT,fade,2024-03-10 08:00:00+00:00,2024-03-10 12:00:00+00:00,532.41,-1,-1,13.273132167226718,23.891637901008092,2024-03-10 16:00:00+00:00,521.36,dev_revert,1,0.46250491681584155,0.431306804610711
BNBUSDT,fade,2024-08-05 00:00:00+00:00,2024-08-05 04:00:00+00:00,441.95,1,1,16.79356324721555,30.228413844987987,2024-08-05 12:00:00+00:00,411.721586155012,sl,2,-0.9999999999999999,-1.0204684904465335
BNBUSDT,fade,2024-11-09 00:00:00+00:00,2024-11-09 04:00:00+00:00,635.87,-1,-1,11.253780374128823,20.256804673431883,2024-11-09 12:00:00+00:00,618.9893294388067,tp_fixed,2,0.8333333333333343,0.7893867181414734
BNBUSDT,fade,2024-11-11 04:00:00+00:00,2024-11-11 08:00:00+00:00,616.45,1,1,13.790202728258445,24.8223649108652,2024-11-11 16:00:00+00:00,637.1353040923877,tp_fixed,2,0.8333333333333345,0.7985650909398695
BNBUSDT,fade,2024-11-11 20:00:00+00:00,2024-11-12 00:00:00+00:00,660.53,-1,-1,15.82304274577753,28.481476942399553,2024-11-12 08:00:00+00:00,636.7954358813337,tp_fixed,2,0.8333333333333335,0.8008651435034949
BNBUSDT,fade,2024-11-14 04:00:00+00:00,2024-11-14 08:00:00+00:00,660.19,-1,-1,20.76119460467913,37.37015028842244,2024-11-14 12:00:00+00:00,629.0482080929813,tp_fixed,1,0.8333333333333341,0.80860059897539
BNBUSDT,fade,2025-02-03 00:00:00+00:00,2025-02-03 04:00:00+00:00,552.87,1,1,19.97999253011142,35.96398655420056,2025-02-03 12:00:00+00:00,575.92,dev_revert,2,0.640918936093522,0.6193969060250952
BNBUSDT,fade,2025-02-08 16:00:00+00:00,2025-02-08 20:00:00+00:00,624.74,-1,-1,14.071716090871732,25.329088963569117,2025-02-09 00:00:00+00:00,612.27,dev_revert,1,0.4923193257339676,0.4577884351339152
BNBUSDT,fade,2025-10-10 20:00:00+00:00,2025-10-11 00:00:00+00:00,1102.99,1,1,65.34452467692049,117.62014441845687,2025-10-11 04:00:00+00:00,1127.8,dev_revert,1,0.21093325571624427,0.19780467125790308
BNBUSDT,fade,2026-01-31 12:00:00+00:00,2026-01-31 16:00:00+00:00,803.2,1,1,15.852915975434726,28.535248755782508,2026-01-31 20:00:00+00:00,774.6647512442175,sl,1,-0.9999999999999999,-1.039406700450513
BNBUSDT,fade,2026-05-13 00:00:00+00:00,2026-05-13 04:00:00+00:00,681.65,-1,-1,9.098214099605434,16.37678537928978,2026-05-13 12:00:00+00:00,668.0026788505918,tp_fixed,2,0.8333333333333354,0.7750612135065207
BNBUSDT,fade,2026-05-13 12:00:00+00:00,2026-05-13 16:00:00+00:00,664.58,1,1,9.427218067359016,16.96899252124623,2026-05-14 12:00:00+00:00,678.7208271010386,tp_fixed,5,0.833333333333335,0.7785032072174171
BNBUSDT,fade,2026-05-31 00:00:00+00:00,2026-05-31 04:00:00+00:00,740.2,-1,-1,13.126239895659925,23.627231812187866,2026-05-31 08:00:00+00:00,720.2,dev_revert,1,0.8464808810011846,0.8026213206329892
SOLUSDT,fade,2022-06-18 20:00:00+00:00,2022-06-19 00:00:00+00:00,31.98,-1,-1,2.2723617868875,4.0902512163975,2022-06-20 08:00:00+00:00,36.0702512163975,sl,8,-1.0000000000000002,-1.01094602693852
SOLUSDT,fade,2022-06-20 08:00:00+00:00,2022-06-20 12:00:00+00:00,36.31,-1,-1,2.508568332390823,4.515422998303482,2022-06-23 08:00:00+00:00,35.93,dev_revert,17,0.08415601376499494,0.07289815375517988
SOLUSDT,fade,2022-09-13 12:00:00+00:00,2022-09-13 16:00:00+00:00,34.71,1,1,1.3395187250961735,2.4111337051731123,2022-09-16 12:00:00+00:00,32.29886629482689,sl,17,-1.0000000000000007,-1.0201540046890567
SOLUSDT,fade,2022-11-07 20:00:00+00:00,2022-11-08 00:00:00+00:00,29.58,1,1,1.5557358904266625,2.8003246027679927,2022-11-08 04:00:00+00:00,26.779675397232005,sl,1,-1.0000000000000002,-1.0147882856005574
SOLUSDT,fade,2022-11-08 16:00:00+00:00,2022-11-08 20:00:00+00:00,22.74,1,1,2.6983641413625783,4.857055454452641,2022-11-09 08:00:00+00:00,17.882944545547357,sl,3,-1.0000000000000002,-1.006554588535903
SOLUSDT,fade,2023-01-02 04:00:00+00:00,2023-01-02 08:00:00+00:00,11.084,-1,-1,0.49158264421575837,0.8848487595883651,2023-01-02 12:00:00+00:00,11.008,dev_revert,1,0.08589038429048146,0.06835337603698191
SOLUSDT,fade,2023-01-03 12:00:00+00:00,2023-01-03 16:00:00+00:00,12.819,-1,-1,0.5053771669419448,0.9096789004955006,2023-01-04 00:00:00+00:00,13.7286789004955,sl,2,-0.9999999999999992,-1.019728499792865
SOLUSDT,fade,2023-03-12 20:00:00+00:00,2023-03-13 00:00:00+00:00,20.193,-1,-1,0.7873443349133402,1.4172198028440124,2023-03-13 08:00:00+00:00,19.01198349762999,tp_fixed,2,0.8333333333333331,0.8133856865792667
SOLUSDT,fade,2023-03-13 12:00:00+00:00,2023-03-13 16:00:00+00:00,20.717,-1,-1,0.9101087450400852,1.6381957410721535,2023-03-13 20:00:00+00:00,20.52,dev_revert,1,0.12025424988046188,0.10254952798867023
SOLUSDT,fade,2023-03-14 12:00:00+00:00,2023-03-14 16:00:00+00:00,21.923,-1,-1,0.8907819717626947,1.6034075491728506,2023-03-14 20:00:00+00:00,20.586827042355957,tp_fixed,1,0.8333333333333331,0.8141914750978314
SOLUSDT,fade,2023-06-05 12:00:00+00:00,2023-06-05 16:00:00+00:00,19.94,1,1,0.4408340143250083,0.7935012257850149,2023-06-06 16:00:00+00:00,20.601251021487514,tp_fixed,6,0.8333333333333331,0.7981525433195779
SOLUSDT,fade,2023-06-09 16:00:00+00:00,2023-06-09 20:00:00+00:00,17.383,1,1,0.5760591193801992,1.0369064148843585,2023-06-10 00:00:00+00:00,17.385,dev_revert,1,0.0019288143763923915,-0.021541191836959184
SOLUSDT,fade,2023-06-10 00:00:00+00:00,2023-06-10 04:00:00+00:00,16.279,1,1,0.6461785264043554,1.1631213475278397,2023-06-10 08:00:00+00:00,15.11587865247216,sl,1,-1.0,-1.019594344174355
SOLUSDT,fade,2023-10-01 20:00:00+00:00,2023-10-02 00:00:00+00:00,23.873,-1,-1,0.6628999323372804,1.1932198782071048,2023-10-02 16:00:00+00:00,22.87865010149408,tp_fixed,4,0.8333333333333328,0.8053232401305451
SOLUSDT,fade,2024-02-28 20:00:00+00:00,2024-02-29 00:00:00+00:00,119.421,-1,-1,4.050482234655352,7.290868022379633,2024-02-29 08:00:00+00:00,126.71186802237963,sl,2,-0.9999999999999991,-1.0229313436324452
SOLUSDT,fade,2024-03-05 12:00:00+00:00,2024-03-05 16:00:00+00:00,139.378,-1,-1,4.998040403509606,8.996472726317291,2024-03-05 20:00:00+00:00,131.88093939473558,tp_fixed,1,0.8333333333333333,0.8116438105685734
SOLUSDT,fade,2024-07-08 08:00:00+00:00,2024-07-08 12:00:00+00:00,140.556,-1,-1,4.7464917344153275,8.54368512194759,2024-07-11 16:00:00+00:00,136.52,time,19,0.47239568668466664,0.4493636580938069
SOLUSDT,fade,2024-08-05 00:00:00+00:00,2024-08-05 04:00:00+00:00,126.024,1,1,7.30161314366757,13.142903658601627,2024-08-05 08:00:00+00:00,112.88109634139838,sl,1,-0.9999999999999999,-1.0134242481405187
SOLUSDT,fade,2024-08-05 12:00:00+00:00,2024-08-05 16:00:00+00:00,130.371,-1,-1,9.643295946296524,17.357932703333745,2024-08-06 16:00:00+00:00,147.72893270333375,sl,6,-1.0,-1.0105150424949478
SOLUSDT,fade,2024-11-06 00:00:00+00:00,2024-11-06 04:00:00+00:00,184.91,-1,-1,5.023121534437836,9.041618761988104,2024-11-07 16:00:00+00:00,193.9516187619881,sl,9,-1.0,-1.0286313775015965
SOLUSDT,fade,2024-12-20 08:00:00+00:00,2024-12-20 12:00:00+00:00,176.0,1,1,8.22735545583073,14.809239820495316,2024-12-20 16:00:00+00:00,188.3410331837461,tp_fixed,1,0.8333333333333339,0.8166950721540536
SOLUSDT,fade,2025-02-28 12:00:00+00:00,2025-02-28 16:00:00+00:00,145.62,-1,-1,6.4719393110583034,11.649490759904946,2025-03-02 00:00:00+00:00,143.57,dev_revert,8,0.17597335731237906,0.15847319321064252
SOLUSDT,fade,2025-03-02 12:00:00+00:00,2025-03-02 16:00:00+00:00,157.36,-1,-1,6.183791551232105,11.130824792217789,2025-03-02 20:00:00+00:00,168.4908247922178,sl,1,-1.0000000000000004,-1.0197922439812397
SOLUSDT,fade,2025-03-03 16:00:00+00:00,2025-03-03 20:00:00+00:00,141.81,1,1,9.002757035635057,16.204962664143103,2025-03-07 00:00:00+00:00,140.74,time,19,-0.06602915552330113,-0.07828058763793959
SOLUSDT,fade,2025-04-09 16:00:00+00:00,2025-04-09 20:00:00+00:00,118.88,-1,-1,5.550315844021309,9.990568519238357,2025-04-10 12:00:00+00:00,110.55452623396803,tp_fixed,4,0.8333333333333331,0.8166744215126985
SOLUSDT,fade,2025-05-19 00:00:00+00:00,2025-05-19 04:00:00+00:00,165.24,1,1,5.150099876991581,9.270179778584845,2025-05-20 00:00:00+00:00,172.9651498154874,tp_fixed,5,0.8333333333333348,0.8083784774917672
SOLUSDT,fade,2025-08-18 00:00:00+00:00,2025-08-18 04:00:00+00:00,182.57,1,1,4.747491502424323,8.545484704363782,2025-08-18 08:00:00+00:00,180.53,dev_revert,1,-0.23872256174752252,-0.26863286044239676
SOLUSDT,fade,2025-10-10 20:00:00+00:00,2025-10-11 00:00:00+00:00,187.66,1,1,10.157462478152691,18.283432460674845,2025-10-11 16:00:00+00:00,183.58,dev_revert,4,-0.22315284664274634,-0.23752235852543485
SOLUSDT,fade,2026-01-25 16:00:00+00:00,2026-01-25 20:00:00+00:00,117.87,1,1,2.0890742477533477,3.760333645956026,2026-01-26 00:00:00+00:00,121.00361137163003,tp_fixed,1,0.8333333333333341,0.7894494614387577
SOLUSDT,fade,2026-01-31 12:00:00+00:00,2026-01-31 16:00:00+00:00,108.58,1,1,3.1783466423652706,5.721023956257487,2026-01-31 20:00:00+00:00,102.85897604374252,sl,1,-0.9999999999999992,-1.0265707679538256
XRPUSDT,fade,2022-04-15 00:00:00+00:00,2022-04-15 04:00:00+00:00,0.7863,-1,-1,0.01981701838254434,0.03567063308857981,2022-04-17 20:00:00+00:00,0.7565744724261835,tp_fixed,16,0.8333333333333337,0.8024726531411328
XRPUSDT,fade,2022-05-11 12:00:00+00:00,2022-05-11 16:00:00+00:00,0.4457,1,1,0.029514911073104742,0.05312683993158854,2022-05-11 20:00:00+00:00,0.3925731600684115,sl,1,-0.9999999999999994,-1.0117450991025152
XRPUSDT,fade,2022-05-13 00:00:00+00:00,2022-05-13 04:00:00+00:00,0.4448,-1,-1,0.03548433724217398,0.06387180703591316,2022-05-16 08:00:00+00:00,0.4187,time,19,0.40863099403661346,0.3988814655842579
XRPUSDT,fade,2022-07-30 12:00:00+00:00,2022-07-30 16:00:00+00:00,0.4016,-1,-1,0.010910069913696792,0.019638125844654224,2022-07-30 20:00:00+00:00,0.3852348951294548,tp_fixed,1,0.8333333333333346,0.8047033100588351
XRPUSDT,fade,2022-09-17 12:00:00+00:00,2022-09-17 16:00:00+00:00,0.3708,-1,-1,0.009373699956540077,0.01687265992177214,2022-09-18 04:00:00+00:00,0.38767265992177213,sl,3,-0.9999999999999986,-1.0307669331573568
XRPUSDT,fade,2022-09-18 04:00:00+00:00,2022-09-18 08:00:00+00:00,0.3867,-1,-1,0.010586967525477437,0.019056541545859385,2022-09-18 20:00:00+00:00,0.37081954871178385,tp_fixed,3,0.8333333333333324,0.8049241910607341
XRPUSDT,fade,2022-09-18 20:00:00+00:00,2022-09-19 00:00:00+00:00,0.3576,1,1,0.014250603381277626,0.025651086086299728,2022-09-19 16:00:00+00:00,0.3789759050719164,tp_fixed,4,0.8333333333333336,0.813816031090627
XRPUSDT,fade,2022-09-19 16:00:00+00:00,2022-09-19 20:00:00+00:00,0.3899,-1,-1,0.01629732102183003,0.029335177839294055,2022-09-20 12:00:00+00:00,0.4192351778392941,sl,4,-1.0000000000000004,-1.0186076935681243
XRPUSDT,fade,2022-09-20 12:00:00+00:00,2022-09-20 16:00:00+00:00,0.4195,-1,-1,0.017891535919107995,0.03220476465439439,2022-09-21 04:00:00+00:00,0.392662696121338,tp_fixed,3,0.8333333333333339,0.8150969013549415
XRPUSDT,fade,2022-09-22 16:00:00+00:00,2022-09-22 20:00:00+00:00,0.4831,-1,-1,0.02403847669092621,0.04326925804366718,2022-09-23 00:00:00+00:00,0.5263692580436672,sl,1,-1.0000000000000009,-1.0156309590360315
XRPUSDT,fade,2022-09-23 00:00:00+00:00,2022-09-23 04:00:00+00:00,0.5382,-1,-1,0.027086747759012906,0.048756145966223234,2022-09-23 08:00:00+00:00,0.49756987836148064,tp_fixed,1,0.8333333333333335,0.8178792816426608
XRPUSDT,fade,2022-11-08 16:00:00+00:00,2022-11-08 20:00:00+00:00,0.3928,1,1,0.020661918368744626,0.03719145306374033,2022-11-09 08:00:00+00:00,0.35560854693625965,sl,3,-1.0,-1.0147861929206563
XRPUSDT,fade,2023-01-16 00:00:00+00:00,2023-01-16 04:00:00+00:00,0.4052,-1,-1,0.010325278311625097,0.018585500960925178,2023-01-16 08:00:00+00:00,0.38971208253256234,tp_fixed,1,0.833333333333334,0.8028106155872442
XRPUSDT,fade,2023-03-14 12:00:00+00:00,2023-03-14 16:00:00+00:00,0.3845,-1,-1,0.00936175488635346,0.01685115879543623,2023-03-14 20:00:00+00:00,0.3773,dev_revert,1,0.4272703193533461,0.39532592867169236
XRPUSDT,fade,2023-03-21 16:00:00+00:00,2023-03-21 20:00:00+00:00,0.4743,-1,-1,0.01446015754850385,0.026028283587306928,2023-03-22 00:00:00+00:00,0.4526097636772442,tp_fixed,1,0.8333333333333341,0.8078218547230497
XRPUSDT,fade,2023-06-10 04:00:00+00:00,2023-06-10 08:00:00+00:00,0.4893,1,1,0.013779811457815198,0.02480366062406736,2023-06-10 20:00:00+00:00,0.5099697171867228,tp_fixed,3,0.8333333333333326,0.8057156356723948
XRPUSDT,fade,2023-06-13 12:00:00+00:00,2023-06-13 16:00:00+00:00,0.5076,1,1,0.016487580165727978,0.029677644298310362,2023-06-13 20:00:00+00:00,0.517,dev_revert,1,0.316736729691687,0.29279143292699533
XRPUSDT,fade,2023-07-13 12:00:00+00:00,2023-07-13 16:00:00+00:00,0.5919,-1,-1,0.016786320992723248,0.030215377786901847,2023-07-13 20:00:00+00:00,0.6221153777869018,sl,1,-1.0000000000000007,-1.0274251080308927
XRPUSDT,fade,2023-10-03 20:00:00+00:00,2023-10-04 00:00:00+00:00,0.5387,-1,-1,0.00998064516269087,0.017965161292843566,2023-10-05 04:00:00+00:00,0.5237290322559637,tp_fixed,7,0.8333333333333319,0.7913531925649644
XRPUSDT,fade,2024-02-27 16:00:00+00:00,2024-02-27 20:00:00+00:00,0.5942,-1,-1,0.01115199720242372,0.020073594964362697,2024-02-28 04:00:00+00:00,0.5774720041963644,tp_fixed,2,0.8333333333333341,0.7918918276400658
XRPUSDT,fade,2024-03-02 00:00:00+00:00,2024-03-02 04:00:00+00:00,0.632,-1,-1,0.019069465974299947,0.034325038753739906,2024-03-03 04:00:00+00:00,0.6033958010385501,tp_fixed,6,0.833333333333334,0.807556232064844
XRPUSDT,fade,2024-03-05 16:00:00+00:00,2024-03-05 20:00:00+00:00,0.568,1,1,0.0294316189681138,0.052976914142604845,2024-03-06 04:00:00+00:00,0.6121474284521706,tp_fixed,2,0.8333333333333328,0.8183230215235612
XRPUSDT,fade,2024-06-12 12:00:00+00:00,2024-06-12 16:00:00+00:00,0.4963,-1,-1,0.008249045094774227,0.014848281170593608,2024-06-12 20:00:00+00:00,0.48392643235783867,tp_fixed,1,0.8333333333333343,0.7865386914473723
XRPUSDT,fade,2024-08-07 20:00:00+00:00,2024-08-08 00:00:00+00:00,0.6001,-1,-1,0.030447317961002154,0.05480517232980388,2024-08-08 04:00:00+00:00,0.611,dev_revert,1,-0.19888633748666157,-0.21421591249363803
XRPUSDT,fade,2024-10-02 20:00:00+00:00,2024-10-03 00:00:00+00:00,0.5379,1,1,0.021446042607736727,0.03860287669392611,2024-10-03 04:00:00+00:00,0.5373,dev_revert,1,-0.015542883105767366,-0.035050755691814525
XRPUSDT,fade,2024-11-14 16:00:00+00:00,2024-11-14 20:00:00+00:00,0.7909,-1,-1,0.03926045012390759,0.07066881022303366,2024-11-15 12:00:00+00:00,0.8615688102230337,sl,4,-0.9999999999999994,-1.0156682983130096
XRPUSDT,fade,2025-04-09 16:00:00+00:00,2025-04-09 20:00:00+00:00,2.0376,-1,-1,0.10410186084262926,0.1873833495167327,2025-04-12 16:00:00+00:00,2.1519,dev_revert,17,-0.6099794901456465,-0.6252030412634861
XRPUSDT,fade,2025-06-22 12:00:00+00:00,2025-06-22 16:00:00+00:00,1.9331,1,1,0.04487287298782147,0.08077117137807865,2025-06-22 20:00:00+00:00,2.000409309481732,tp_fixed,1,0.8333333333333317,0.7998270717077327
XRPUSDT,fade,2025-06-23 20:00:00+00:00,2025-06-24 00:00:00+00:00,2.1574,-1,-1,0.05579792277711338,0.10043626099880408,2025-06-27 04:00:00+00:00,2.0842,time,19,0.7288204406660612,0.6987480348440647
XRPUSDT,fade,2025-07-17 20:00:00+00:00,2025-07-18 00:00:00+00:00,3.4841,-1,-1,0.11447434526125277,0.206053821470255,2025-07-18 08:00:00+00:00,3.4603,dev_revert,2,0.11550380298787957,0.09183163828258131
XRPUSDT,fade,2025-10-10 20:00:00+00:00,2025-10-11 00:00:00+00:00,2.3667,1,1,0.15872958461666195,0.2857132523099915,2025-10-11 04:00:00+00:00,2.3954,dev_revert,1,0.10045036332042943,0.088853491375529
XRPUSDT,fade,2026-01-06 16:00:00+00:00,2026-01-06 20:00:00+00:00,2.2271,1,1,0.06005043970878248,0.10809079147580847,2026-01-07 00:00:00+00:00,2.3171756595631736,tp_fixed,1,0.8333333333333316,0.8044877678838658
XRPUSDT,fade,2026-02-06 12:00:00+00:00,2026-02-06 16:00:00+00:00,1.5118,-1,-1,0.08463378593126539,0.1523408146762777,2026-02-07 08:00:00+00:00,1.3848493211031019,tp_fixed,4,0.8333333333333338,0.8194400112810816
DOGEUSDT,fade,2022-04-04 12:00:00+00:00,2022-04-04 16:00:00+00:00,0.14391,1,1,0.005303084480984895,0.009545552065772811,2022-04-04 20:00:00+00:00,0.1446,dev_revert,1,0.07228497579245392,0.051178391426064146
DOGEUSDT,fade,2022-04-05 12:00:00+00:00,2022-04-05 16:00:00+00:00,0.16176,-1,-1,0.005971695051405321,0.010749051092529579,2022-04-05 20:00:00+00:00,0.16685,dev_revert,1,-0.47353017082014626,-0.49459844913146517
DOGEUSDT,fade,2022-04-06 00:00:00+00:00,2022-04-06 04:00:00+00:00,0.16014,1,1,0.007937574354204625,0.014287633837568325,2022-04-06 12:00:00+00:00,0.1458523661624317,sl,2,-0.9999999999999992,-1.0156916115396575
DOGEUSDT,fade,2022-04-26 12:00:00+00:00,2022-04-26 16:00:00+00:00,0.14643,1,1,0.007859630027395908,0.014147334049312635,2022-04-29 20:00:00+00:00,0.13488,time,19,-0.8164082335046846,-0.8308987374600896
DOGEUSDT,fade,2022-10-26 16:00:00+00:00,2022-10-26 20:00:00+00:00,0.07256,-1,-1,0.001966853145143233,0.0035403356612578197,2022-10-27 00:00:00+00:00,0.07610033566125782,sl,1,-0.9999999999999996,-1.0286933245092098
DOGEUSDT,fade,2022-10-27 00:00:00+00:00,2022-10-27 04:00:00+00:00,0.07621,-1,-1,0.0022098376608632986,0.0039777077895539375,2022-10-27 16:00:00+00:00,0.08018770778955393,sl,3,-0.9999999999999989,-1.0268229859116826
DOGEUSDT,fade,2022-10-27 16:00:00+00:00,2022-10-27 20:00:00+00:00,0.08285,-1,-1,0.0031352236940836295,0.005643402649350533,2022-10-28 00:00:00+00:00,0.07814716445887455,tp_fixed,1,0.8333333333333324,0.812780130379907
DOGEUSDT,fade,2022-10-28 08:00:00+00:00,2022-10-28 12:00:00+00:00,0.0816,-1,-1,0.003897448300883032,0.0070154069415894575,2022-10-29 04:00:00+00:00,0.08861540694158947,sl,4,-1.0000000000000004,-1.016284158702577
DOGEUSDT,fade,2022-10-29 08:00:00+00:00,2022-10-29 12:00:00+00:00,0.1022,-1,-1,0.005556654074797826,0.010001977334636087,2022-10-29 16:00:00+00:00,0.11220197733463609,sl,1,-1.0000000000000004,-1.0143051713889142
DOGEUSDT,fade,2022-11-01 04:00:00+00:00,2022-11-01 08:00:00+00:00,0.14542,-1,-1,0.011589816808750668,0.020861670255751204,2022-11-02 08:00:00+00:00,0.128035274786874,tp_fixed,6,0.8333333333333335,0.8235743831867662
DOGEUSDT,fade,2023-03-13 12:00:00+00:00,2023-03-13 16:00:00+00:00,0.0723,-1,-1,0.002032056414918192,0.003657701546852745,2023-03-14 12:00:00+00:00,0.07595770154685275,sl,5,-0.9999999999999994,-1.0276731162188704
DOGEUSDT,fade,2023-03-14 12:00:00+00:00,2023-03-14 16:00:00+00:00,0.07704,-1,-1,0.0021328954602295364,0.0038392118284131657,2023-03-14 20:00:00+00:00,0.0738406568096557,tp_fixed,1,0.8333333333333329,0.805240067105671
DOGEUSDT,fade,2023-03-15 12:00:00+00:00,2023-03-15 16:00:00+00:00,0.06959,1,1,0.002478327188221833,0.0044609889387992995,2023-03-16 20:00:00+00:00,0.07330749078233274,tp_fixed,7,0.8333333333333321,0.81149378131099
DOGEUSDT,fade,2023-04-03 16:00:00+00:00,2023-04-03 20:00:00+00:00,0.09696,-1,-1,0.004108223452232683,0.007394802214018829,2023-04-05 16:00:00+00:00,0.09079766482165098,tp_fixed,11,0.8333333333333328,0.8149766557547681
DOGEUSDT,fade,2023-06-06 16:00:00+00:00,2023-06-06 20:00:00+00:00,0.07102,-1,-1,0.0014375718958142077,0.002587629412465574,2023-06-07 08:00:00+00:00,0.06886364215627869,tp_fixed,3,0.8333333333333337,0.7949089749143815
DOGEUSDT,fade,2023-06-10 04:00:00+00:00,2023-06-10 08:00:00+00:00,0.06005,1,1,0.002432059754277677,0.004377707557699819,2023-06-13 12:00:00+00:00,0.06066,time,19,0.13934233659054923,0.12013822144765171
DOGEUSDT,fade,2023-10-23 08:00:00+00:00,2023-10-23 12:00:00+00:00,0.06486,-1,-1,0.0009472694080289016,0.0017050849344520229,2023-10-23 16:00:00+00:00,0.06343909588795665,tp_fixed,1,0.8333333333333305,0.7800785082127376
DOGEUSDT,fade,2023-10-23 20:00:00+00:00,2023-10-24 00:00:00+00:00,0.06745,-1,-1,0.0012531052804079805,0.002255589504734365,2023-10-24 08:00:00+00:00,0.06653,dev_revert,2,0.4078756343159773,0.366010747198088
DOGEUSDT,fade,2024-02-28 16:00:00+00:00,2024-02-28 20:00:00+00:00,0.11322,-1,-1,0.004463702068471383,0.00803466372324849,2024-02-29 00:00:00+00:00,0.12125466372324849,sl,1,-0.9999999999999996,-1.0197280191753826
DOGEUSDT,fade,2024-02-29 00:00:00+00:00,2024-02-29 04:00:00+00:00,0.12437,-1,-1,0.005491355354957468,0.009884439638923442,2024-02-29 12:00:00+00:00,0.13425443963892345,sl,2,-1.0000000000000009,-1.0176153637798908
DOGEUSDT,fade,2024-03-01 16:00:00+00:00,2024-03-01 20:00:00+00:00,0.13577,-1,-1,0.007478224734978092,0.013460804522960565,2024-03-02 00:00:00+00:00,0.14923080452296056,sl,1,-0.9999999999999993,-1.0141208498849952
DOGEUSDT,fade,2024-03-05 16:00:00+00:00,2024-03-05 20:00:00+00:00,0.13834,1,1,0.016832553168579924,0.030298595703443863,2024-03-06 04:00:00+00:00,0.16358882975286987,tp_fixed,2,0.833333333333333,0.8269410898810075
DOGEUSDT,fade,2024-08-05 12:00:00+00:00,2024-08-05 16:00:00+00:00,0.09514,-1,-1,0.005935994594706768,0.010684790270472182,2024-08-08 20:00:00+00:00,0.10582479027047219,sl,19,-1.0000000000000002,-1.0124659442654755
DOGEUSDT,fade,2024-10-01 12:00:00+00:00,2024-10-01 16:00:00+00:00,0.11061,1,1,0.003952430621536412,0.007114375118765541,2024-10-02 16:00:00+00:00,0.10349562488123445,sl,6,-1.0000000000000007,-1.0217663529705578
DOGEUSDT,fade,2024-11-06 00:00:00+00:00,2024-11-06 04:00:00+00:00,0.21143,-1,-1,0.010294355734072204,0.01852984032132997,2024-11-06 08:00:00+00:00,0.1959884663988917,tp_fixed,1,0.8333333333333335,0.817358991684028
DOGEUSDT,fade,2024-11-12 04:00:00+00:00,2024-11-12 08:00:00+00:00,0.41204,-1,-1,0.023760905759622437,0.042769630367320385,2024-11-12 12:00:00+00:00,0.39625,dev_revert,1,0.369187198121425,0.3556996838491303
DOGEUSDT,fade,2024-12-20 08:00:00+00:00,2024-12-20 12:00:00+00:00,0.26624,1,1,0.018892508618769385,0.0340065155137849,2024-12-20 16:00:00+00:00,0.29457876292815405,tp_fixed,1,0.833333333333333,0.822372610237522
DOGEUSDT,fade,2025-04-09 16:00:00+00:00,2025-04-09 20:00:00+00:00,0.16024,-1,-1,0.00735264867642625,0.01323476761756725,2025-04-10 00:00:00+00:00,0.16027,dev_revert,1,-0.0022667568382675313,-0.019217262240585755
DOGEUSDT,fade,2025-07-18 00:00:00+00:00,2025-07-18 04:00:00+00:00,0.23641,-1,-1,0.008625063150005165,0.015525113670009298,2025-07-18 12:00:00+00:00,0.2519351136700093,sl,2,-1.0000000000000004,-1.0213186200780846
DOGEUSDT,fade,2025-07-20 16:00:00+00:00,2025-07-20 20:00:00+00:00,0.2739,-1,-1,0.010433118380213472,0.01877961308438425,2025-07-21 00:00:00+00:00,0.27378,dev_revert,1,0.006389908006131217,-0.014029043027469
DOGEUSDT,fade,2025-10-10 20:00:00+00:00,2025-10-11 00:00:00+00:00,0.19312,1,1,0.017485702846932093,0.03147426512447777,2025-10-12 04:00:00+00:00,0.18515,dev_revert,7,-0.2532227509833638,-0.26181288005963355
DOGEUSDT,fade,2026-04-29 12:00:00+00:00,2026-04-29 16:00:00+00:00,0.10333,1,1,0.0024110045728506888,0.00433980823113124,2026-04-30 00:00:00+00:00,0.10694650685927604,tp_fixed,2,0.8333333333333328,0.7999996023720706
DOGEUSDT,fade,2026-05-04 00:00:00+00:00,2026-05-04 04:00:00+00:00,0.11292,-1,-1,0.002014793603517231,0.0036266284863310156,2026-05-04 08:00:00+00:00,0.11225,dev_revert,1,0.1847445919881992,0.14115369190128835
ADAUSDT,fade,2022-02-28 12:00:00+00:00,2022-02-28 16:00:00+00:00,0.9392,-1,-1,0.03965717279173926,0.07138291102513067,2022-03-02 00:00:00+00:00,0.9633,dev_revert,8,-0.33761581944333285,-0.3560359144088785
ADAUSDT,fade,2022-05-05 12:00:00+00:00,2022-05-05 16:00:00+00:00,0.7899,1,1,0.028368414131313514,0.051063145436364324,2022-05-08 00:00:00+00:00,0.7388368545636357,sl,14,-1.0000000000000009,-1.0216567152405092
ADAUSDT,fade,2022-05-12 00:00:00+00:00,2022-05-12 04:00:00+00:00,0.4406,1,1,0.05081750450422637,0.09147150810760747,2022-05-13 00:00:00+00:00,0.5168262567563395,tp_fixed,5,0.8333333333333331,0.8265898127249887
ADAUSDT,fade,2022-10-25 16:00:00+00:00,2022-10-25 20:00:00+00:00,0.4136,-1,-1,0.009679165138454135,0.017422497249217444,2022-10-26 00:00:00+00:00,0.39908125229231883,tp_fixed,1,0.8333333333333326,0.8000981436979312
ADAUSDT,fade,2023-01-09 00:00:00+00:00,2023-01-09 04:00:00+00:00,0.3296,-1,-1,0.009285575879727486,0.016714036583509475,2023-01-09 16:00:00+00:00,0.3156716361804088,tp_fixed,3,0.8333333333333333,0.8057254004623912
ADAUSDT,fade,2023-06-10 00:00:00+00:00,2023-06-10 04:00:00+00:00,0.2763,1,1,0.009016863946826577,0.01623035510428784,2023-06-10 08:00:00+00:00,0.26006964489571216,sl,1,-0.9999999999999993,-1.0238331199480533
ADAUSDT,fade,2023-11-02 16:00:00+00:00,2023-11-02 20:00:00+00:00,0.3244,-1,-1,0.009041630902323078,0.01627493562418154,2023-11-05 08:00:00+00:00,0.34067493562418155,sl,15,-0.9999999999999993,-1.027905486724334
ADAUSDT,fade,2024-02-29 04:00:00+00:00,2024-02-29 08:00:00+00:00,0.6846,-1,-1,0.023185546011876584,0.04173398282137785,2024-02-29 20:00:00+00:00,0.6498216809821851,tp_fixed,3,0.8333333333333344,0.8103678760439561
ADAUSDT,fade,2024-03-05 16:00:00+00:00,2024-03-05 20:00:00+00:00,0.6352,1,1,0.04162035194260996,0.07491663349669793,2024-03-06 04:00:00+00:00,0.6976305279139149,tp_fixed,2,0.8333333333333328,0.8214630722378553
ADAUSDT,fade,2024-04-13 16:00:00+00:00,2024-04-13 20:00:00+00:00,0.4506,1,1,0.023462837546499023,0.04223310758369824,2024-04-15 04:00:00+00:00,0.48579425631974854,tp_fixed,8,0.8333333333333335,0.8183962369155576
ADAUSDT,fade,2024-07-05 00:00:00+00:00,2024-07-05 04:00:00+00:00,0.3236,1,1,0.012993894677302921,0.02338901041914526,2024-07-05 08:00:00+00:00,0.34309084201595436,tp_fixed,1,0.8333333333333323,0.8139635527448743
ADAUSDT,fade,2024-07-08 08:00:00+00:00,2024-07-08 12:00:00+00:00,0.3767,-1,-1,0.012736391918244813,0.022925505452840663,2024-07-08 16:00:00+00:00,0.3608,dev_revert,1,0.6935506845293928,0.6705466115729707
ADAUSDT,fade,2024-10-01 12:00:00+00:00,2024-10-01 16:00:00+00:00,0.3662,1,1,0.008836563022600417,0.01590581344068075,2024-10-01 20:00:00+00:00,0.35029418655931926,sl,1,-1.0000000000000007,-1.0322322402379485
ADAUSDT,fade,2024-11-06 00:00:00+00:00,2024-11-06 04:00:00+00:00,0.3584,-1,-1,0.008330111150123198,0.014994200070221756,2024-11-07 00:00:00+00:00,0.3733942000702217,sl,5,-0.9999999999999982,-1.0334636057709048
ADAUSDT,fade,2024-11-07 12:00:00+00:00,2024-11-07 16:00:00+00:00,0.3886,-1,-1,0.009314623742284719,0.016766322736112494,2024-11-07 20:00:00+00:00,0.4053663227361125,sl,1,-1.0000000000000007,-1.0324483793234052
ADAUSDT,fade,2024-11-09 20:00:00+00:00,2024-11-10 00:00:00+00:00,0.497,-1,-1,0.01583073125071583,0.028495316251288497,2024-11-10 04:00:00+00:00,0.5254953162512885,sl,1,-1.0000000000000016,-1.0244180480000316
ADAUSDT,fade,2024-11-10 04:00:00+00:00,2024-11-10 08:00:00+00:00,0.5848,-1,-1,0.02178670194577028,0.0392160635023865,2024-11-10 12:00:00+00:00,0.6240160635023865,sl,1,-0.9999999999999997,-1.0208771591761157
ADAUSDT,fade,2024-11-13 12:00:00+00:00,2024-11-13 16:00:00+00:00,0.5956,-1,-1,0.03644847356793287,0.06560725242227916,2024-11-15 12:00:00+00:00,0.6612072524222792,sl,11,-1.0,-1.012709570500423
ADAUSDT,fade,2024-12-20 12:00:00+00:00,2024-12-20 16:00:00+00:00,0.8756,-1,-1,0.05644137792733213,0.10159448026919783,2024-12-21 04:00:00+00:00,0.9771944802691979,sl,3,-0.9999999999999999,-1.0120660098536047
ADAUSDT,fade,2025-02-03 00:00:00+00:00,2025-02-03 04:00:00+00:00,0.6596,1,1,0.05322566080870468,0.09580618945566843,2025-02-03 12:00:00+00:00,0.7394384912130569,tp_fixed,2,0.8333333333333327,0.8236947076323565
ADAUSDT,fade,2025-03-02 16:00:00+00:00,2025-03-02 20:00:00+00:00,1.0396,-1,-1,0.05628513377533399,0.1013132407956012,2025-03-03 00:00:00+00:00,1.1409132407956013,sl,1,-1.0000000000000002,-1.0143657431997104
ADAUSDT,fade,2025-03-03 16:00:00+00:00,2025-03-03 20:00:00+00:00,0.836,1,1,0.07881761148004156,0.1418717006640748,2025-03-04 00:00:00+00:00,0.857,dev_revert,1,0.14802106340942528,0.1397713561420733
ADAUSDT,fade,2025-04-09 16:00:00+00:00,2025-04-09 20:00:00+00:00,0.6322,-1,-1,0.029727948361152133,0.05351030705007384,2025-04-10 12:00:00+00:00,0.5876080774582718,tp_fixed,4,0.8333333333333327,0.8167929685177887
ADAUSDT,fade,2025-07-17 08:00:00+00:00,2025-07-17 12:00:00+00:00,0.8155,-1,-1,0.027038065566694663,0.04866851802005039,2025-07-18 00:00:00+00:00,0.8641685180200503,sl,3,-0.999999999999999,-1.023458696636902
ADAUSDT,fade,2025-08-16 08:00:00+00:00,2025-08-16 12:00:00+00:00,0.9025,1,1,0.03893431302829775,0.07008176345093596,2025-08-16 20:00:00+00:00,0.9165,dev_revert,2,0.19976666268966495,0.1817377213819227
ADAUSDT,fade,2025-08-19 12:00:00+00:00,2025-08-19 16:00:00+00:00,0.8702,1,1,0.03566931570111421,0.06420476826200558,2025-08-21 04:00:00+00:00,0.8849,dev_revert,9,0.22895495767561327,0.20998004299282108
ADAUSDT,fade,2025-10-10 20:00:00+00:00,2025-10-11 00:00:00+00:00,0.6348,1,1,0.05395820208416162,0.09712476375149091,2025-10-13 00:00:00+00:00,0.7157373031262424,tp_fixed,12,0.8333333333333327,0.8241830408057346
ADAUSDT,fade,2025-10-17 04:00:00+00:00,2025-10-17 08:00:00+00:00,0.6089,1,1,0.02562542384280716,0.046125762917052886,2025-10-17 12:00:00+00:00,0.6166,dev_revert,1,0.16693490823873872,0.14845369630663555
ADAUSDT,fade,2026-06-05 00:00:00+00:00,2026-06-05 04:00:00+00:00,0.1584,1,1,0.007579403424786572,0.013642926164615831,2026-06-08 08:00:00+00:00,0.1675,time,19,0.6670123322664953,0.6507577548155702
