cp_bar,cp_time,cp_type,confirm_bar,confirm_time,entry_bar,entry_time,atr_entry
938,2022-06-06 08:00:00+00:00,up,938,2022-06-06 08:00:00+00:00,939,2022-06-06 12:00:00+00:00,455.5968109704754
947,2022-06-07 20:00:00+00:00,up,947,2022-06-07 20:00:00+00:00,948,2022-06-08 00:00:00+00:00,684.9857472641116
994,2022-06-15 16:00:00+00:00,down,994,2022-06-15 16:00:00+00:00,995,2022-06-15 20:00:00+00:00,1137.873468059642
1013,2022-06-18 20:00:00+00:00,down,1013,2022-06-18 20:00:00+00:00,1014,2022-06-19 00:00:00+00:00,943.5688538408011
1059,2022-06-26 12:00:00+00:00,down,1059,2022-06-26 12:00:00+00:00,1060,2022-06-26 16:00:00+00:00,512.5879359970902
1079,2022-06-29 20:00:00+00:00,down,1079,2022-06-29 20:00:00+00:00,1080,2022-06-30 00:00:00+00:00,409.13179842009964
1085,2022-06-30 20:00:00+00:00,down,1085,2022-06-30 20:00:00+00:00,1086,2022-07-01 00:00:00+00:00,514.8641198873771
1125,2022-07-07 12:00:00+00:00,up,1125,2022-07-07 12:00:00+00:00,1126,2022-07-07 16:00:00+00:00,436.51054668635027
1156,2022-07-12 16:00:00+00:00,down,1156,2022-07-12 16:00:00+00:00,1157,2022-07-12 20:00:00+00:00,428.93088184765566
1183,2022-07-17 04:00:00+00:00,up,1183,2022-07-17 04:00:00+00:00,1184,2022-07-17 08:00:00+00:00,442.813527739917
1189,2022-07-18 04:00:00+00:00,up,1189,2022-07-18 04:00:00+00:00,1190,2022-07-18 08:00:00+00:00,503.0567089680934
1197,2022-07-19 12:00:00+00:00,up,1197,2022-07-19 12:00:00+00:00,1198,2022-07-19 16:00:00+00:00,697.4002883277444
1235,2022-07-25 20:00:00+00:00,down,1236,2022-07-26 00:00:00+00:00,1237,2022-07-26 04:00:00+00:00,510.609792383017
1263,2022-07-30 12:00:00+00:00,up,1263,2022-07-30 12:00:00+00:00,1264,2022-07-30 16:00:00+00:00,521.8601318117802
1286,2022-08-03 08:00:00+00:00,up,1286,2022-08-03 08:00:00+00:00,1287,2022-08-03 12:00:00+00:00,446.7090691266941
1315,2022-08-08 04:00:00+00:00,up,1315,2022-08-08 04:00:00+00:00,1316,2022-08-08 08:00:00+00:00,320.87654746090817
1333,2022-08-11 04:00:00+00:00,up,1333,2022-08-11 04:00:00+00:00,1334,2022-08-11 08:00:00+00:00,433.5263659673184
1452,2022-08-31 00:00:00+00:00,down,1452,2022-08-31 00:00:00+00:00,1453,2022-08-31 04:00:00+00:00,376.2021204513638
1480,2022-09-04 16:00:00+00:00,down,1480,2022-09-04 16:00:00+00:00,1481,2022-09-04 20:00:00+00:00,275.30184209597775
1485,2022-09-05 12:00:00+00:00,down,1485,2022-09-05 12:00:00+00:00,1486,2022-09-05 16:00:00+00:00,261.6259015167451
1499,2022-09-07 20:00:00+00:00,down,1499,2022-09-07 20:00:00+00:00,1500,2022-09-08 00:00:00+00:00,328.7881914603913
1582,2022-09-21 16:00:00+00:00,down,1582,2022-09-21 16:00:00+00:00,1583,2022-09-21 20:00:00+00:00,502.7980743920299
1595,2022-09-23 20:00:00+00:00,down,1595,2022-09-23 20:00:00+00:00,1596,2022-09-24 00:00:00+00:00,476.1004659658079
1635,2022-09-30 12:00:00+00:00,up,1635,2022-09-30 12:00:00+00:00,1636,2022-09-30 16:00:00+00:00,453.97705865159037
1657,2022-10-04 04:00:00+00:00,up,1657,2022-10-04 04:00:00+00:00,1658,2022-10-04 08:00:00+00:00,296.7018870199325
1785,2022-10-25 12:00:00+00:00,up,1785,2022-10-25 12:00:00+00:00,1786,2022-10-25 16:00:00+00:00,187.9831351811379
1845,2022-11-04 12:00:00+00:00,up,1845,2022-11-04 12:00:00+00:00,1846,2022-11-04 16:00:00+00:00,276.12824383237194
1870,2022-11-08 16:00:00+00:00,down,1870,2022-11-08 16:00:00+00:00,1871,2022-11-08 20:00:00+00:00,575.5653445487583
1883,2022-11-10 20:00:00+00:00,down,1883,2022-11-10 20:00:00+00:00,1884,2022-11-11 00:00:00+00:00,797.7488630230613
2025,2022-12-04 12:00:00+00:00,up,2025,2022-12-04 12:00:00+00:00,2026,2022-12-04 16:00:00+00:00,149.88413027135317
2078,2022-12-13 08:00:00+00:00,up,2078,2022-12-13 08:00:00+00:00,2079,2022-12-13 12:00:00+00:00,130.64845709770128
2117,2022-12-19 20:00:00+00:00,down,2117,2022-12-19 20:00:00+00:00,2118,2022-12-20 00:00:00+00:00,169.36172301579668
2248,2023-01-10 16:00:00+00:00,up,2248,2023-01-10 16:00:00+00:00,2249,2023-01-10 20:00:00+00:00,108.619445098686
2265,2023-01-13 12:00:00+00:00,up,2265,2023-01-13 12:00:00+00:00,2266,2023-01-13 16:00:00+00:00,258.491169478301
2289,2023-01-17 12:00:00+00:00,up,2289,2023-01-17 12:00:00+00:00,2290,2023-01-17 16:00:00+00:00,395.40649206458704
2313,2023-01-21 12:00:00+00:00,up,2313,2023-01-21 12:00:00+00:00,2314,2023-01-21 16:00:00+00:00,400.8086630673387
2360,2023-01-29 08:00:00+00:00,up,2360,2023-01-29 08:00:00+00:00,2361,2023-01-29 12:00:00+00:00,306.1008798288649
2428,2023-02-09 16:00:00+00:00,down,2428,2023-02-09 16:00:00+00:00,2429,2023-02-09 20:00:00+00:00,312.24257658349416
2492,2023-02-20 08:00:00+00:00,up,2492,2023-02-20 08:00:00+00:00,2493,2023-02-20 12:00:00+00:00,431.1074411384819
2517,2023-02-24 12:00:00+00:00,up,2517,2023-02-24 12:00:00+00:00,2518,2023-02-24 16:00:00+00:00,428.70381282927224
2556,2023-03-03 00:00:00+00:00,down,2556,2023-03-03 00:00:00+00:00,2557,2023-03-03 04:00:00+00:00,397.40959301924767
2596,2023-03-09 16:00:00+00:00,down,2596,2023-03-09 16:00:00+00:00,2597,2023-03-09 20:00:00+00:00,299.7487367340723
2604,2023-03-11 00:00:00+00:00,down,2604,2023-03-11 00:00:00+00:00,2605,2023-03-11 04:00:00+00:00,399.8415023049366
2614,2023-03-12 16:00:00+00:00,down,2614,2023-03-12 16:00:00+00:00,2615,2023-03-12 20:00:00+00:00,386.1227306803713
2619,2023-03-13 12:00:00+00:00,up,2620,2023-03-13 16:00:00+00:00,2621,2023-03-13 20:00:00+00:00,637.2335464964367
2624,2023-03-14 08:00:00+00:00,up,2624,2023-03-14 08:00:00+00:00,2625,2023-03-14 12:00:00+00:00,627.4794674480614
2630,2023-03-15 08:00:00+00:00,up,2630,2023-03-15 08:00:00+00:00,2631,2023-03-15 12:00:00+00:00,788.6848482952352
2635,2023-03-16 04:00:00+00:00,up,2635,2023-03-16 04:00:00+00:00,2636,2023-03-16 08:00:00+00:00,709.9560441298323
2641,2023-03-17 04:00:00+00:00,up,2641,2023-03-17 04:00:00+00:00,2642,2023-03-17 08:00:00+00:00,687.7599353546185
2660,2023-03-20 08:00:00+00:00,up,2660,2023-03-20 08:00:00+00:00,2661,2023-03-20 12:00:00+00:00,709.2583634814786
2727,2023-03-31 12:00:00+00:00,up,2727,2023-03-31 12:00:00+00:00,2728,2023-03-31 16:00:00+00:00,519.889166689562
2788,2023-04-10 16:00:00+00:00,up,2788,2023-04-10 16:00:00+00:00,2789,2023-04-10 20:00:00+00:00,302.594877087314
2843,2023-04-19 20:00:00+00:00,down,2844,2023-04-20 00:00:00+00:00,2845,2023-04-20 04:00:00+00:00,433.3115016503236
2884,2023-04-26 16:00:00+00:00,down,2884,2023-04-26 16:00:00+00:00,2885,2023-04-26 20:00:00+00:00,590.724087833534
2890,2023-04-27 16:00:00+00:00,up,2890,2023-04-27 16:00:00+00:00,2891,2023-04-27 20:00:00+00:00,700.9647226298794
3130,2023-06-06 16:00:00+00:00,down,3130,2023-06-06 16:00:00+00:00,3131,2023-06-06 20:00:00+00:00,383.63024174535144
3214,2023-06-20 16:00:00+00:00,up,3214,2023-06-20 16:00:00+00:00,3215,2023-06-20 20:00:00+00:00,365.12821206811185
3217,2023-06-21 04:00:00+00:00,up,3217,2023-06-21 04:00:00+00:00,3218,2023-06-21 08:00:00+00:00,405.80498612013173
3266,2023-06-29 08:00:00+00:00,up,3266,2023-06-29 08:00:00+00:00,3267,2023-06-29 12:00:00+00:00,382.05583739143754
3291,2023-07-03 12:00:00+00:00,up,3291,2023-07-03 12:00:00+00:00,3292,2023-07-03 16:00:00+00:00,322.0465097208766
3308,2023-07-06 08:00:00+00:00,up,3308,2023-07-06 08:00:00+00:00,3309,2023-07-06 12:00:00+00:00,342.51303134293926
3507,2023-08-08 12:00:00+00:00,up,3508,2023-08-08 16:00:00+00:00,3509,2023-08-08 20:00:00+00:00,219.3380327503087
3563,2023-08-17 20:00:00+00:00,down,3563,2023-08-17 20:00:00+00:00,3564,2023-08-18 00:00:00+00:00,463.7098803818183
3593,2023-08-22 20:00:00+00:00,down,3593,2023-08-22 20:00:00+00:00,3594,2023-08-23 00:00:00+00:00,285.79686653014255
3598,2023-08-23 16:00:00+00:00,down,3598,2023-08-23 16:00:00+00:00,3599,2023-08-23 20:00:00+00:00,307.00719689819755
3714,2023-09-12 00:00:00+00:00,down,3714,2023-09-12 00:00:00+00:00,3715,2023-09-12 04:00:00+00:00,286.9292389497054
3729,2023-09-14 12:00:00+00:00,up,3729,2023-09-14 12:00:00+00:00,3730,2023-09-14 16:00:00+00:00,334.03343512887534
3752,2023-09-18 08:00:00+00:00,up,3752,2023-09-18 08:00:00+00:00,3753,2023-09-18 12:00:00+00:00,240.00298945625642
3807,2023-09-27 12:00:00+00:00,down,3807,2023-09-27 12:00:00+00:00,3808,2023-09-27 16:00:00+00:00,251.9431066119304
3813,2023-09-28 12:00:00+00:00,up,3814,2023-09-28 16:00:00+00:00,3815,2023-09-28 20:00:00+00:00,279.03219813062645
3835,2023-10-02 04:00:00+00:00,up,3835,2023-10-02 04:00:00+00:00,3836,2023-10-02 08:00:00+00:00,305.1979329374757
3939,2023-10-19 12:00:00+00:00,up,3939,2023-10-19 12:00:00+00:00,3940,2023-10-19 16:00:00+00:00,347.1744941770221
3960,2023-10-23 00:00:00+00:00,up,3960,2023-10-23 00:00:00+00:00,3961,2023-10-23 04:00:00+00:00,393.1403228113054
3975,2023-10-25 12:00:00+00:00,up,3975,2023-10-25 12:00:00+00:00,3976,2023-10-25 16:00:00+00:00,874.8582467080198
3998,2023-10-29 08:00:00+00:00,up,3998,2023-10-29 08:00:00+00:00,3999,2023-10-29 12:00:00+00:00,423.0600132173686
4052,2023-11-07 08:00:00+00:00,up,4052,2023-11-07 08:00:00+00:00,4053,2023-11-07 12:00:00+00:00,387.2345200039637
5226,2024-05-21 00:00:00+00:00,up,5226,2024-05-21 00:00:00+00:00,5227,2024-05-21 04:00:00+00:00,1051.0594600334562
5313,2024-06-04 12:00:00+00:00,up,5313,2024-06-04 12:00:00+00:00,5314,2024-06-04 16:00:00+00:00,819.3000798465401
5362,2024-06-12 16:00:00+00:00,down,5362,2024-06-12 16:00:00+00:00,5363,2024-06-12 20:00:00+00:00,967.0684761587955
5374,2024-06-14 16:00:00+00:00,down,5374,2024-06-14 16:00:00+00:00,5375,2024-06-14 20:00:00+00:00,954.7803017677033
5409,2024-06-20 12:00:00+00:00,down,5409,2024-06-20 12:00:00+00:00,5410,2024-06-20 16:00:00+00:00,827.2360732938522
5440,2024-06-25 16:00:00+00:00,down,5440,2024-06-25 16:00:00+00:00,5441,2024-06-25 20:00:00+00:00,973.7727043612931
6116,2024-10-16 08:00:00+00:00,up,6116,2024-10-16 08:00:00+00:00,6117,2024-10-16 12:00:00+00:00,1008.1625234406878
6129,2024-10-18 12:00:00+00:00,up,6129,2024-10-18 12:00:00+00:00,6130,2024-10-18 16:00:00+00:00,888.318530537466
6244,2024-11-06 16:00:00+00:00,up,6244,2024-11-06 16:00:00+00:00,6245,2024-11-06 20:00:00+00:00,1506.205875357844
6273,2024-11-11 12:00:00+00:00,up,6273,2024-11-11 12:00:00+00:00,6274,2024-11-11 16:00:00+00:00,1437.7328082572963
6277,2024-11-12 04:00:00+00:00,up,6277,2024-11-12 04:00:00+00:00,6278,2024-11-12 08:00:00+00:00,1829.9722911452693
6285,2024-11-13 12:00:00+00:00,up,6285,2024-11-13 12:00:00+00:00,6286,2024-11-13 16:00:00+00:00,2275.490338263732
6322,2024-11-19 16:00:00+00:00,up,6322,2024-11-19 16:00:00+00:00,6323,2024-11-19 20:00:00+00:00,1683.340099398859
6326,2024-11-20 08:00:00+00:00,up,6326,2024-11-20 08:00:00+00:00,6327,2024-11-20 12:00:00+00:00,1577.4875176731275
6381,2024-11-29 12:00:00+00:00,up,6381,2024-11-29 12:00:00+00:00,6382,2024-11-29 16:00:00+00:00,1512.0219731879502
6413,2024-12-04 20:00:00+00:00,up,6413,2024-12-04 20:00:00+00:00,6414,2024-12-05 00:00:00+00:00,1415.8063849639648
6453,2024-12-11 12:00:00+00:00,up,6453,2024-12-11 12:00:00+00:00,6454,2024-12-11 16:00:00+00:00,1820.5113515274663
6507,2024-12-20 12:00:00+00:00,down,6507,2024-12-20 12:00:00+00:00,6508,2024-12-20 16:00:00+00:00,2484.426461626533
6652,2025-01-13 16:00:00+00:00,down,6652,2025-01-13 16:00:00+00:00,6653,2025-01-13 20:00:00+00:00,1525.800612708318
6675,2025-01-17 12:00:00+00:00,up,6675,2025-01-17 12:00:00+00:00,6676,2025-01-17 16:00:00+00:00,1518.152770844657
6691,2025-01-20 04:00:00+00:00,up,6691,2025-01-20 04:00:00+00:00,6692,2025-01-20 08:00:00+00:00,2461.8530621705177
6696,2025-01-21 00:00:00+00:00,up,6696,2025-01-21 00:00:00+00:00,6697,2025-01-21 04:00:00+00:00,2885.1666117772334
6732,2025-01-27 00:00:00+00:00,up,6732,2025-01-27 00:00:00+00:00,6733,2025-01-27 04:00:00+00:00,1488.961318246862
6735,2025-01-27 12:00:00+00:00,down,6735,2025-01-27 12:00:00+00:00,6736,2025-01-27 16:00:00+00:00,1761.2982930715589
6774,2025-02-03 00:00:00+00:00,down,6774,2025-02-03 00:00:00+00:00,6775,2025-02-03 04:00:00+00:00,1903.4114399834157
6785,2025-02-04 20:00:00+00:00,down,6785,2025-02-04 20:00:00+00:00,6786,2025-02-05 00:00:00+00:00,2218.8618187295824
6832,2025-02-12 16:00:00+00:00,down,6832,2025-02-12 16:00:00+00:00,6833,2025-02-12 20:00:00+00:00,1351.1185064733268
6845,2025-02-14 20:00:00+00:00,down,6845,2025-02-14 20:00:00+00:00,6846,2025-02-15 00:00:00+00:00,1272.1121707451969
6869,2025-02-18 20:00:00+00:00,down,6869,2025-02-18 20:00:00+00:00,6870,2025-02-19 00:00:00+00:00,1080.182797725019
6880,2025-02-20 16:00:00+00:00,up,6881,2025-02-20 20:00:00+00:00,6882,2025-02-21 00:00:00+00:00,1012.6260817510988
6887,2025-02-21 20:00:00+00:00,up,6887,2025-02-21 20:00:00+00:00,6888,2025-02-22 00:00:00+00:00,1211.5575807501214
6907,2025-02-25 04:00:00+00:00,down,6907,2025-02-25 04:00:00+00:00,6908,2025-02-25 08:00:00+00:00,1398.5266565528839
6911,2025-02-25 20:00:00+00:00,down,6911,2025-02-25 20:00:00+00:00,6912,2025-02-26 00:00:00+00:00,1695.049646964986
6916,2025-02-26 16:00:00+00:00,down,6916,2025-02-26 16:00:00+00:00,6917,2025-02-26 20:00:00+00:00,1898.7230316433834
6927,2025-02-28 12:00:00+00:00,down,6927,2025-02-28 12:00:00+00:00,6928,2025-02-28 16:00:00+00:00,2374.867904219437
6939,2025-03-02 12:00:00+00:00,down,6939,2025-03-02 12:00:00+00:00,6940,2025-03-02 16:00:00+00:00,1805.8718910515856
6953,2025-03-04 20:00:00+00:00,down,6953,2025-03-04 20:00:00+00:00,6954,2025-03-05 00:00:00+00:00,2802.2425009035255
7024,2025-03-16 16:00:00+00:00,down,7024,2025-03-16 16:00:00+00:00,7025,2025-03-16 20:00:00+00:00,1297.777691786411
7043,2025-03-19 20:00:00+00:00,up,7043,2025-03-19 20:00:00+00:00,7044,2025-03-20 00:00:00+00:00,1281.8439635695734
7095,2025-03-28 12:00:00+00:00,up,7095,2025-03-28 12:00:00+00:00,7096,2025-03-28 16:00:00+00:00,1040.7450243803667
7127,2025-04-02 20:00:00+00:00,down,7127,2025-04-02 20:00:00+00:00,7128,2025-04-03 00:00:00+00:00,1550.708381598985
7155,2025-04-07 12:00:00+00:00,down,7155,2025-04-07 12:00:00+00:00,7156,2025-04-07 16:00:00+00:00,1926.7168650269418
7185,2025-04-12 12:00:00+00:00,up,7185,2025-04-12 12:00:00+00:00,7186,2025-04-12 16:00:00+00:00,1702.7941272902337
7803,2025-07-24 12:00:00+00:00,up,7803,2025-07-24 12:00:00+00:00,7804,2025-07-24 16:00:00+00:00,1339.816744669212
7806,2025-07-25 00:00:00+00:00,up,7806,2025-07-25 00:00:00+00:00,7807,2025-07-25 04:00:00+00:00,1416.7281661947006
7809,2025-07-25 12:00:00+00:00,down,7809,2025-07-25 12:00:00+00:00,7810,2025-07-25 16:00:00+00:00,1466.6084843767337
7814,2025-07-26 08:00:00+00:00,down,7814,2025-07-26 08:00:00+00:00,7815,2025-07-26 12:00:00+00:00,1279.2530191841392
7908,2025-08-11 00:00:00+00:00,up,7908,2025-08-11 00:00:00+00:00,7909,2025-08-11 04:00:00+00:00,1130.9188910460152
7996,2025-08-25 16:00:00+00:00,down,7996,2025-08-25 16:00:00+00:00,7997,2025-08-25 20:00:00+00:00,1413.7857808322422
8059,2025-09-05 04:00:00+00:00,up,8059,2025-09-05 04:00:00+00:00,8060,2025-09-05 08:00:00+00:00,1229.91738741693
8091,2025-09-10 12:00:00+00:00,up,8091,2025-09-10 12:00:00+00:00,8092,2025-09-10 16:00:00+00:00,1009.3688116051837
8128,2025-09-16 16:00:00+00:00,up,8128,2025-09-16 16:00:00+00:00,8129,2025-09-16 20:00:00+00:00,854.256351782753
8163,2025-09-22 12:00:00+00:00,down,8163,2025-09-22 12:00:00+00:00,8164,2025-09-22 16:00:00+00:00,837.5531939421783
8238,2025-10-05 00:00:00+00:00,up,8238,2025-10-05 00:00:00+00:00,8239,2025-10-05 04:00:00+00:00,1093.1130010872976
8265,2025-10-09 12:00:00+00:00,up,8265,2025-10-09 12:00:00+00:00,8266,2025-10-09 16:00:00+00:00,1510.1624011640731
8272,2025-10-10 16:00:00+00:00,down,8273,2025-10-10 20:00:00+00:00,8274,2025-10-11 00:00:00+00:00,2704.5008815134897
8280,2025-10-12 00:00:00+00:00,down,8280,2025-10-12 00:00:00+00:00,8281,2025-10-12 04:00:00+00:00,2358.9366493259176
8295,2025-10-14 12:00:00+00:00,down,8295,2025-10-14 12:00:00+00:00,8296,2025-10-14 16:00:00+00:00,2027.5328721356204
8343,2025-10-22 12:00:00+00:00,down,8343,2025-10-22 12:00:00+00:00,8344,2025-10-22 16:00:00+00:00,1811.265853988021
8394,2025-10-31 00:00:00+00:00,down,8394,2025-10-31 00:00:00+00:00,8395,2025-10-31 04:00:00+00:00,1710.1354029072052
8748,2025-12-29 00:00:00+00:00,up,8748,2025-12-29 00:00:00+00:00,8749,2025-12-29 04:00:00+00:00,761.4662478322516
8853,2026-01-15 12:00:00+00:00,up,8853,2026-01-15 12:00:00+00:00,8854,2026-01-15 16:00:00+00:00,1185.637595326857
8902,2026-01-23 16:00:00+00:00,down,8902,2026-01-23 16:00:00+00:00,8903,2026-01-23 20:00:00+00:00,1131.402929456739
8940,2026-01-30 00:00:00+00:00,down,8940,2026-01-30 00:00:00+00:00,8941,2026-01-30 04:00:00+00:00,1449.394107605402
8950,2026-01-31 16:00:00+00:00,down,8950,2026-01-31 16:00:00+00:00,8951,2026-01-31 20:00:00+00:00,1788.9870379150225
8957,2026-02-01 20:00:00+00:00,down,8957,2026-02-01 20:00:00+00:00,8958,2026-02-02 00:00:00+00:00,1716.8663463742803
8982,2026-02-06 00:00:00+00:00,down,8982,2026-02-06 00:00:00+00:00,8983,2026-02-06 04:00:00+00:00,2511.1535305012744
8986,2026-02-06 16:00:00+00:00,down,8986,2026-02-06 16:00:00+00:00,8987,2026-02-06 20:00:00+00:00,2600.5653812121745
8990,2026-02-07 08:00:00+00:00,down,8990,2026-02-07 08:00:00+00:00,8991,2026-02-07 12:00:00+00:00,2503.9859213036484
9039,2026-02-15 12:00:00+00:00,down,9039,2026-02-15 12:00:00+00:00,9040,2026-02-15 16:00:00+00:00,1167.3973642790231
9094,2026-02-24 16:00:00+00:00,down,9094,2026-02-24 16:00:00+00:00,9095,2026-02-24 20:00:00+00:00,1066.6132040796144
9110,2026-02-27 08:00:00+00:00,down,9110,2026-02-27 08:00:00+00:00,9111,2026-02-27 12:00:00+00:00,1264.510804569169
9129,2026-03-02 12:00:00+00:00,up,9130,2026-03-02 16:00:00+00:00,9131,2026-03-02 20:00:00+00:00,1576.78447438966
9139,2026-03-04 04:00:00+00:00,up,9139,2026-03-04 04:00:00+00:00,9140,2026-03-04 08:00:00+00:00,1546.3241269062112
9164,2026-03-08 08:00:00+00:00,down,9164,2026-03-08 08:00:00+00:00,9165,2026-03-08 12:00:00+00:00,1082.32704032868
9194,2026-03-13 08:00:00+00:00,up,9194,2026-03-13 08:00:00+00:00,9195,2026-03-13 12:00:00+00:00,1140.3622193117853
9211,2026-03-16 04:00:00+00:00,up,9211,2026-03-16 04:00:00+00:00,9212,2026-03-16 08:00:00+00:00,1014.8617351906435
9219,2026-03-17 12:00:00+00:00,up,9219,2026-03-17 12:00:00+00:00,9220,2026-03-17 16:00:00+00:00,1122.0597179832143
9304,2026-03-31 16:00:00+00:00,down,9304,2026-03-31 16:00:00+00:00,9305,2026-03-31 20:00:00+00:00,1112.1655557264423
9351,2026-04-08 12:00:00+00:00,up,9351,2026-04-08 12:00:00+00:00,9352,2026-04-08 16:00:00+00:00,1089.2727192754628
9363,2026-04-10 12:00:00+00:00,up,9363,2026-04-10 12:00:00+00:00,9364,2026-04-10 16:00:00+00:00,1044.5736944630357
9387,2026-04-14 12:00:00+00:00,up,9387,2026-04-14 12:00:00+00:00,9388,2026-04-14 16:00:00+00:00,984.9587663331788
9405,2026-04-17 12:00:00+00:00,up,9405,2026-04-17 12:00:00+00:00,9406,2026-04-17 16:00:00+00:00,1091.0522158500844
9432,2026-04-22 00:00:00+00:00,up,9432,2026-04-22 00:00:00+00:00,9433,2026-04-22 04:00:00+00:00,1079.9488713016415
9435,2026-04-22 12:00:00+00:00,up,9435,2026-04-22 12:00:00+00:00,9436,2026-04-22 16:00:00+00:00,1058.78238711724
9489,2026-05-01 12:00:00+00:00,up,9489,2026-05-01 12:00:00+00:00,9490,2026-05-01 16:00:00+00:00,810.1837000612202
9504,2026-05-04 00:00:00+00:00,up,9504,2026-05-04 00:00:00+00:00,9505,2026-05-04 04:00:00+00:00,731.4713712036461
9507,2026-05-04 12:00:00+00:00,up,9507,2026-05-04 12:00:00+00:00,9508,2026-05-04 16:00:00+00:00,922.5000738099155
9555,2026-05-12 12:00:00+00:00,up,9555,2026-05-12 12:00:00+00:00,9556,2026-05-12 16:00:00+00:00,756.6485288514433
9567,2026-05-14 12:00:00+00:00,up,9568,2026-05-14 16:00:00+00:00,9569,2026-05-14 20:00:00+00:00,915.8961668465472
9573,2026-05-15 12:00:00+00:00,down,9574,2026-05-15 16:00:00+00:00,9575,2026-05-15 20:00:00+00:00,906.0154118262296
9690,2026-06-04 00:00:00+00:00,down,9690,2026-06-04 00:00:00+00:00,9691,2026-06-04 04:00:00+00:00,1339.852757226799
9693,2026-06-04 12:00:00+00:00,down,9693,2026-06-04 12:00:00+00:00,9694,2026-06-04 16:00:00+00:00,1418.0184065697076
9695,2026-06-04 20:00:00+00:00,down,9695,2026-06-04 20:00:00+00:00,9696,2026-06-05 00:00:00+00:00,1366.1913811749012
9701,2026-06-05 20:00:00+00:00,down,9701,2026-06-05 20:00:00+00:00,9702,2026-06-06 00:00:00+00:00,1632.6709279266934
9815,2026-06-24 20:00:00+00:00,down,9815,2026-06-24 20:00:00+00:00,9816,2026-06-25 00:00:00+00:00,991.2727022914266
9843,2026-06-29 12:00:00+00:00,down,9843,2026-06-29 12:00:00+00:00,9844,2026-06-29 16:00:00+00:00,939.8007453046638
